arm,tier,cost_bps,net_annualised,median_sharpe,mean_turnover,difference_vs_best_proposed,p_adjusted,minimum_detectable_annualised,verdict,reference_series_uncosted
momentum_equal_weight,tier1,50.0,0.28243040959286564,2.1397300406511865,0.2744152046783626,-0.031148305433137895,1.0,0.38699271601706253,not rejected; effect below the design's resolution,False
bmv_ipc,tier0,50.0,0.19430590509022228,,0.0,0.05697619906950546,1.0,0.529090592154432,not rejected; effect below the design's resolution,True
l4_single_objective_ga_sharpe,tier2,50.0,0.17323862350120833,1.3710464067427603,0.3407511172740298,0.07804348065851943,1.0,0.3061606370765507,not rejected; effect below the design's resolution,False
equal_weight_universe,tier1,50.0,0.13904148266847857,0.17507069904425868,0.09869910252713604,0.11224062149124917,1.0,0.408349865994605,not rejected; effect below the design's resolution,False
proposed:all_stocks,factorial,50.0,0.11998418432817663,0.8348186065046536,0.3195990357200769,,,,,False
inverse_volatility,tier1,50.0,0.10356451124918949,-0.22606232945162202,0.10044672540762563,0.14771759291053824,1.0,0.43532447330572915,not rejected; effect below the design's resolution,False
mv_analytic_universe,tier1,50.0,0.08931400954205364,-0.6445804206264869,0.25181024314803363,0.1619680946176741,1.0,0.4804223042075525,not rejected; effect below the design's resolution,False
sp500_mxn,tier0,50.0,0.08591996611463229,,0.0,0.16536213804509547,1.0,0.3903743900501093,not rejected; effect below the design's resolution,True
proposed:neural_network,factorial,50.0,0.07889961135613355,-0.3509428762326274,0.7122597447570568,,,,,False
cetes_28d,tier0,50.0,0.07827259259259259,,0.0,0.17300951156713512,1.0,0.488912406968747,not rejected; effect below the design's resolution,True
l6_l1_shrinkage_mv,tier2,50.0,0.07598064768131177,-0.8788892659188794,0.22099685352007326,0.17530145647841597,1.0,0.4880617209452569,not rejected; effect below the design's resolution,False
proposed:svm,factorial,50.0,0.04407101873681518,-0.5810432029239782,0.6372004136158689,,,,,False
proposed:tabpfn,factorial,50.0,0.03191911055273465,-0.4715955608572486,0.6126234471465671,,,,,False
proposed:xgboost,factorial,50.0,0.02122401304691567,-0.5125424937652701,0.7016966959055925,,,,,False
proposed:random_forest,factorial,50.0,0.0012134839434659525,-0.880140550921853,0.673799694092602,,,,,False
