sigma_ex_ante,expected_return
0.006651881034897375,0.001208007500162524
0.007279573949980447,0.0014520853058953447
0.006414295654341907,0.0010293601906863083
0.007609343794196227,0.001572687969479841
0.008413363217578644,0.0017594916581669155
0.006579325978284467,0.00115691768311091
0.007109648661132823,0.0014116880678202417
0.007168902661982853,0.001428804709176888
0.006691221422209751,0.0012081793364492005
0.007444439134116731,0.0015087850355606134
0.00737736530757113,0.0014743899387029088
0.006552417064272624,0.0011436819382140602
0.00672893607959203,0.001231637301562833
0.007873396880159212,0.001646841754515895
0.006619520650971861,0.0011810564078149248
0.007413125413465711,0.0014953751190508575
0.007367357193589642,0.0014705234379466792
0.00750378522400183,0.0015344010309067725
0.006939010812196576,0.0013445651150298691
0.008348916791262298,0.001742331498473239
0.008414057474413874,0.001764462213966242
0.008185051056139073,0.0017373099150052593
0.006572812931404311,0.0011554693810144217
0.007052732456041659,0.0013853097758571872
0.007939538527983734,0.0016583945126759424
0.00800946080595771,0.0016907718717317653
0.007384787163725699,0.0014865468898596884
0.007315868005174113,0.0014679245922214475
0.007029799270308084,0.001379185231845945
0.006448311408421297,0.0010990429692668796
0.0077434313618735305,0.0016040140051670408
0.00697785295869154,0.0013592203277790682
0.0069962656774300086,0.0013596071771458283
0.006794126021800687,0.0012705792997306166
0.006919144841117442,0.0013236851316092038
0.007807021934010338,0.0016370672308804795
0.006635994436725835,0.001204021675475699
0.007763178922495603,0.0016310469879742186
0.0075763105834680735,0.0015690738469424502
0.006535934192691922,0.0011272928289539099
0.006436147061347792,0.0010886588023060009
0.006761870635834452,0.0012569527650051877
0.00798082631842821,0.0016852674288808792
0.008539423434306597,0.001796508307579871
0.007623469831262888,0.0015864177304798445
0.006955629851258372,0.0013498557715824265
0.007133457041886195,0.0014135530335285188
0.007907186734631238,0.001656652409442983
0.00709974995656782,0.0013942845264776212
0.008454566112111003,0.0017784377323901805
0.007615712888770164,0.0015774534785666747
0.00808419819799344,0.0017192612976560885
0.007525460202905521,0.001563645488919984
0.0074533135234299145,0.0015178407004073455
0.00748892543821298,0.0015304700953617176
0.0068347053050335504,0.0012888869973785137
0.006902574613617218,0.0013172270210822523
0.007416196353057316,0.0015073873664514749
0.006601458457796354,0.0011745209728006834
0.0077608905698986295,0.0016249793593083677
0.006875690264090802,0.0012943164905658167
0.007663276822855572,0.0016021372529884518
0.007474432722896974,0.001523639497469364
0.007069661812196631,0.0013888639841221442
0.008058487544976114,0.0017025535777529534
0.006493638934681963,0.0011117259639968967
0.007955949858859829,0.0016748489558223879
0.0063937254339886465,0.0009983687249519849
0.007152868075074365,0.0014173892081205811
0.006786301671689774,0.001266726285846064
0.007227421708667339,0.0014364666125853802
0.00774579174072632,0.00161751321422489
0.006882604590168367,0.0013004183330884065
0.00750486818746496,0.001551182562946096
0.00784019419782331,0.0016450215705995945
