labeling,screener,weight_cap,month,mean,std,count
historical,all_stocks,0.2,2025-01,0.820057691730113,0.03200466323369683,120
historical,all_stocks,0.2,2025-02,0.8200487102750424,0.031011604197244344,120
historical,all_stocks,0.2,2025-03,0.8189014537743781,0.01687834889941414,120
historical,all_stocks,0.2,2025-04,0.8600590102382564,0.017261649263986514,120
historical,all_stocks,0.2,2025-05,0.8106484118121506,0.03552385982640311,120
historical,all_stocks,0.2,2025-06,0.819393683769238,0.03559711900154271,120
historical,all_stocks,0.2,2025-07,0.8046087471123139,0.02298992407391424,120
historical,all_stocks,0.2,2025-08,0.83455346198057,0.018487389465569652,120
historical,all_stocks,0.2,2025-09,0.8378072854584071,0.012467203814177527,120
historical,all_stocks,0.2,2025-10,0.8359518291959397,0.03361458187153169,120
historical,all_stocks,0.2,2025-11,0.8050130427211317,0.017426401437283825,120
historical,all_stocks,0.2,2025-12,0.8433050910845364,0.02893361987139171,120
historical,all_stocks,0.2,2026-01,0.8289281828843738,0.022062521571656356,120
historical,all_stocks,0.2,2026-02,0.812300684784746,0.025656934256064738,120
historical,all_stocks,0.2,2026-03,0.8284574276386344,0.022095360484791937,120
historical,all_stocks,0.2,2026-04,0.8098833903792049,0.015636658703559986,120
historical,all_stocks,0.2,2026-05,0.8008975310863297,0.012349881972990872,120
historical,all_stocks,0.2,2026-06,0.8037306632242264,0.011483531611013098,120
historical,all_stocks,1.0,2025-01,0.8120351718127929,0.03483328194251066,120
historical,all_stocks,1.0,2025-02,0.8364643125752107,0.026249047799639765,120
historical,all_stocks,1.0,2025-03,0.8318332339411533,0.017236604842912995,120
historical,all_stocks,1.0,2025-04,0.8612750427353965,0.026229013745714267,120
historical,all_stocks,1.0,2025-05,0.8115765644733615,0.023188394941364404,120
historical,all_stocks,1.0,2025-06,0.8403516665291023,0.02582504501132686,120
historical,all_stocks,1.0,2025-07,0.8130950534909628,0.024381105547314805,120
historical,all_stocks,1.0,2025-08,0.8299197605718326,0.018865309011113177,120
historical,all_stocks,1.0,2025-09,0.8345031696519938,0.020814383832175255,120
historical,all_stocks,1.0,2025-10,0.8262356731734072,0.022668349676414613,120
historical,all_stocks,1.0,2025-11,0.8152550080649829,0.027362662141590617,120
historical,all_stocks,1.0,2025-12,0.8443154208477759,0.024278868964366016,120
historical,all_stocks,1.0,2026-01,0.8312663799018705,0.021909804877746773,120
historical,all_stocks,1.0,2026-02,0.8215890473099132,0.018672935471421317,120
historical,all_stocks,1.0,2026-03,0.8208492814100404,0.016517671011209253,120
historical,all_stocks,1.0,2026-04,0.805730144165185,0.01657795815298702,120
historical,all_stocks,1.0,2026-05,0.7937148217418976,0.016729026347516825,120
historical,all_stocks,1.0,2026-06,0.8015961154940361,0.018280709004529192,120
historical,neural_network,0.2,2025-01,0.8169756516876775,0.013478601381479261,120
historical,neural_network,0.2,2025-02,0.817577349567636,0.01833592834512603,120
historical,neural_network,0.2,2025-03,0.844016456747057,0.01651928695245676,120
historical,neural_network,0.2,2025-04,0.8418611357972664,0.013895931648027913,120
historical,neural_network,0.2,2025-05,0.8026999613130049,0.0102663176797209,120
historical,neural_network,0.2,2025-06,0.810836372370262,0.010508685072032196,120
historical,neural_network,0.2,2025-07,0.8282807116350066,0.021731155766044112,120
historical,neural_network,0.2,2025-08,0.7980150698596162,0.011821003040745744,120
historical,neural_network,0.2,2025-09,0.8117287637701479,0.01790582195773099,120
historical,neural_network,0.2,2025-10,0.8176096417273527,0.012363813199385815,120
historical,neural_network,0.2,2025-11,0.8021829613059727,0.015245799395739739,120
historical,neural_network,0.2,2025-12,0.8472464389011393,0.0317864908415048,120
historical,neural_network,0.2,2026-01,0.882851219730148,0.013372612346131353,120
historical,neural_network,0.2,2026-02,0.8116579238968916,0.010905701625508546,120
historical,neural_network,0.2,2026-03,0.8175115532741634,0.010497897295302833,120
historical,neural_network,0.2,2026-04,0.8423421155245078,0.018873945269971135,120
historical,neural_network,0.2,2026-05,0.7657956878369115,0.010777107376669629,120
historical,neural_network,0.2,2026-06,0.769092935461243,0.009605337648781097,120
historical,neural_network,1.0,2025-01,0.8240582011565354,0.016219059388774534,120
historical,neural_network,1.0,2025-02,0.8247814557409596,0.009722515629777074,120
historical,neural_network,1.0,2025-03,0.8050919812234564,0.04577643613521088,120
historical,neural_network,1.0,2025-04,0.845749147463495,0.01237274668479187,120
historical,neural_network,1.0,2025-05,0.8001188660586639,0.014040127301305556,120
historical,neural_network,1.0,2025-06,0.8064053196836388,0.015027753261234995,120
historical,neural_network,1.0,2025-07,0.8199208857014141,0.024933639417412435,120
historical,neural_network,1.0,2025-08,0.7952264807749612,0.009408303120674956,120
historical,neural_network,1.0,2025-09,0.8083643811563411,0.021455587868862987,120
historical,neural_network,1.0,2025-10,0.8290239867934956,0.020405824253840847,120
historical,neural_network,1.0,2025-11,0.7932045576505857,0.012967693621573566,120
historical,neural_network,1.0,2025-12,0.8473335799222045,0.03610532749429654,120
historical,neural_network,1.0,2026-01,0.8993393575301903,0.012251141363078174,120
historical,neural_network,1.0,2026-02,0.8085471437427605,0.009749889715078716,120
historical,neural_network,1.0,2026-03,0.8226130556081348,0.009293160600206766,120
historical,neural_network,1.0,2026-04,0.8185687599877852,0.011207979781856163,120
historical,neural_network,1.0,2026-05,0.767592052005816,0.008629042481713686,120
historical,neural_network,1.0,2026-06,0.7656459850790208,0.006516016115795158,120
historical,random_forest,0.2,2025-01,0.7945781952640725,0.007682004126791573,120
historical,random_forest,0.2,2025-02,0.821804729327084,0.00875385992486533,120
historical,random_forest,0.2,2025-03,0.8169310211921594,0.020050776658611463,120
historical,random_forest,0.2,2025-04,0.8490772382342343,0.01640609090263858,120
historical,random_forest,0.2,2025-05,0.8085299563377222,0.016160621997748474,120
historical,random_forest,0.2,2025-06,0.8085703371033662,0.00646954533703136,120
historical,random_forest,0.2,2025-07,0.8353848166284679,0.01720504191668464,120
historical,random_forest,0.2,2025-08,0.8057594693743831,0.0192557522312865,120
historical,random_forest,0.2,2025-09,0.7926356220655911,0.0129333073592045,120
historical,random_forest,0.2,2025-10,0.8084246355354819,0.01365785646000209,120
historical,random_forest,0.2,2025-11,0.7965678997486552,0.011715019698756244,120
historical,random_forest,0.2,2025-12,0.8413074682234004,0.04173010924400089,120
historical,random_forest,0.2,2026-01,0.8909156654590522,0.01606408560986178,120
historical,random_forest,0.2,2026-02,0.804552275163312,0.01845181183234849,120
historical,random_forest,0.2,2026-03,0.8357086841680673,0.012110189877896693,120
historical,random_forest,0.2,2026-04,0.8759084426138265,0.010904372895826943,120
historical,random_forest,0.2,2026-05,0.7710551227057965,0.01071268950741771,120
historical,random_forest,0.2,2026-06,0.7694543269926261,0.009534571981022153,120
historical,random_forest,1.0,2025-01,0.794372659023371,0.011353710925252475,120
historical,random_forest,1.0,2025-02,0.8231361710807364,0.011193383830307546,120
historical,random_forest,1.0,2025-03,0.8166644661356858,0.013732815159409096,120
historical,random_forest,1.0,2025-04,0.8493414406624232,0.018304229221785772,120
historical,random_forest,1.0,2025-05,0.8034081776168468,0.008124694958684333,120
historical,random_forest,1.0,2025-06,0.8045478005588904,0.011817377521600699,120
historical,random_forest,1.0,2025-07,0.8209668552453699,0.019732603894907767,120
historical,random_forest,1.0,2025-08,0.8084017446999154,0.01764685592504186,120
historical,random_forest,1.0,2025-09,0.794886315917679,0.016070665442257014,120
historical,random_forest,1.0,2025-10,0.8149779719942262,0.016885692445888,120
historical,random_forest,1.0,2025-11,0.8012909473602023,0.010423191453774457,120
historical,random_forest,1.0,2025-12,0.8498471919677772,0.027936203307429172,120
historical,random_forest,1.0,2026-01,0.8826052330234041,0.011102137593304475,120
historical,random_forest,1.0,2026-02,0.8127879555689145,0.011177470296139297,120
historical,random_forest,1.0,2026-03,0.8415345376411694,0.016904556260587917,120
historical,random_forest,1.0,2026-04,0.8737775717892632,0.011376235117010225,120
historical,random_forest,1.0,2026-05,0.7712698619436084,0.009988793298744443,120
historical,random_forest,1.0,2026-06,0.7711028526493787,0.008174337938536643,120
historical,svm,0.2,2025-01,0.8093016260229705,0.01661445131716349,120
historical,svm,0.2,2025-02,0.8035185715059441,0.018555320921761754,120
historical,svm,0.2,2025-03,0.8731029690630784,0.018246649756958836,120
historical,svm,0.2,2025-04,0.8479854892147909,0.013866355046134676,120
historical,svm,0.2,2025-05,0.8738710207772203,0.02450667843028899,120
historical,svm,0.2,2025-06,0.8976683309366077,0.05385156927514042,120
historical,svm,0.2,2025-07,0.8080181597691316,0.016661273301359695,120
historical,svm,0.2,2025-08,0.8019826985116428,0.02169015552042467,120
historical,svm,0.2,2025-09,0.8195958300176469,0.017195586777894803,120
historical,svm,0.2,2025-10,0.81192036664359,0.015711827384691665,120
historical,svm,0.2,2025-11,0.7879764448382401,0.01691621465192547,120
historical,svm,0.2,2025-12,0.8794745189029707,0.026152395493178857,120
historical,svm,0.2,2026-01,0.873339269977511,0.008176054091533227,120
historical,svm,0.2,2026-02,0.8260239598322546,0.01967304541337325,120
historical,svm,0.2,2026-03,0.8347874730966063,0.018698992492779384,120
historical,svm,0.2,2026-04,0.8943451778070446,0.021404140877824277,120
historical,svm,0.2,2026-05,0.7929326843649966,0.014794035773787712,120
historical,svm,0.2,2026-06,0.7828348938055009,0.008066653999093896,120
historical,svm,1.0,2025-01,0.803518918916273,0.014567617057345144,120
historical,svm,1.0,2025-02,0.8046101244927055,0.015003682136887055,120
historical,svm,1.0,2025-03,0.8674434209236349,0.020014081390975123,120
historical,svm,1.0,2025-04,0.8450369487009077,0.01721989724365101,120
historical,svm,1.0,2025-05,0.8788923016693632,0.052358258150166766,120
historical,svm,1.0,2025-06,0.9180702078711008,0.03742128323005573,120
historical,svm,1.0,2025-07,0.807413134101629,0.02146703562199888,120
historical,svm,1.0,2025-08,0.8281812308234359,0.02855389083052662,120
historical,svm,1.0,2025-09,0.8086856105911252,0.01163126467068773,120
historical,svm,1.0,2025-10,0.8110972735337234,0.009667149732415519,120
historical,svm,1.0,2025-11,0.7928789030319419,0.014244008553195707,120
historical,svm,1.0,2025-12,0.8507477228251467,0.030122055020459965,120
historical,svm,1.0,2026-01,0.8738164414910631,0.011592942285355644,120
historical,svm,1.0,2026-02,0.8277982802340987,0.017143185279369692,120
historical,svm,1.0,2026-03,0.827445960031642,0.024355524327067248,120
historical,svm,1.0,2026-04,0.8831870094563891,0.019699053276946203,120
historical,svm,1.0,2026-05,0.7950061288714658,0.018415683569547252,120
historical,svm,1.0,2026-06,0.7749174550006547,0.008232177850472346,120
historical,tabpfn,0.2,2025-01,0.7867028914941847,0.013027491864983465,120
historical,tabpfn,0.2,2025-02,0.8200957237639346,0.014102247259900287,120
historical,tabpfn,0.2,2025-03,0.8181292739365553,0.012942757025579857,120
historical,tabpfn,0.2,2025-04,0.8552204209884667,0.017115093469690767,120
historical,tabpfn,0.2,2025-05,0.810708106668663,0.0144745626328223,120
historical,tabpfn,0.2,2025-06,0.8229376310096309,0.007616877475038334,120
historical,tabpfn,0.2,2025-07,0.8190531438371972,0.02004021522012061,120
historical,tabpfn,0.2,2025-08,0.8134139091187975,0.021555618811324468,120
historical,tabpfn,0.2,2025-09,0.7883034042448613,0.007854737578486162,120
historical,tabpfn,0.2,2025-10,0.8065039085436381,0.01517040538422411,120
historical,tabpfn,0.2,2025-11,0.8024788171824969,0.010980799982555547,120
historical,tabpfn,0.2,2025-12,0.8408799009831743,0.04541067005052721,120
historical,tabpfn,0.2,2026-01,0.8673703671224992,0.013569550947305683,120
historical,tabpfn,0.2,2026-02,0.8069293525551662,0.01282841208461598,120
historical,tabpfn,0.2,2026-03,0.8262295217413754,0.0061387680072208205,120
historical,tabpfn,0.2,2026-04,0.8686519838170935,0.0067510700062588525,120
historical,tabpfn,0.2,2026-05,0.7727664394383488,0.0071997134037486196,120
historical,tabpfn,0.2,2026-06,0.7694253911646585,0.00740866416345246,120
historical,tabpfn,1.0,2025-01,0.7827844626338759,0.0073898769072276525,120
historical,tabpfn,1.0,2025-02,0.8207735004864877,0.009840150402616234,120
historical,tabpfn,1.0,2025-03,0.8091131951718993,0.011722246566302448,120
historical,tabpfn,1.0,2025-04,0.8510373606091878,0.013803948501740996,120
historical,tabpfn,1.0,2025-05,0.8075900243974743,0.010120374928099156,120
historical,tabpfn,1.0,2025-06,0.8156843189441061,0.010377200092735604,120
historical,tabpfn,1.0,2025-07,0.8192695191318433,0.023649563956255993,120
historical,tabpfn,1.0,2025-08,0.8225349620275891,0.02209361092513353,120
historical,tabpfn,1.0,2025-09,0.7823406054470677,0.011919669374449961,120
historical,tabpfn,1.0,2025-10,0.8099448120570762,0.011894019925786361,120
historical,tabpfn,1.0,2025-11,0.7953301029229539,0.013755852000669177,120
historical,tabpfn,1.0,2025-12,0.819338430588029,0.03162641230811724,120
historical,tabpfn,1.0,2026-01,0.8733054411421771,0.012760876229576897,120
historical,tabpfn,1.0,2026-02,0.8036706015403846,0.009353350866207236,120
historical,tabpfn,1.0,2026-03,0.821753451799437,0.012306103936697859,120
historical,tabpfn,1.0,2026-04,0.8790629039313228,0.012146683326607344,120
historical,tabpfn,1.0,2026-05,0.7750197327584102,0.009918203954002105,120
historical,tabpfn,1.0,2026-06,0.7701887102820195,0.007685926248020208,120
historical,xgboost,0.2,2025-01,0.7921211212161496,0.009433916809166446,120
historical,xgboost,0.2,2025-02,0.817923635886189,0.014006668350209613,120
historical,xgboost,0.2,2025-03,0.8074078777610171,0.011223626588469334,120
historical,xgboost,0.2,2025-04,0.8471416189777331,0.016189315769821765,120
historical,xgboost,0.2,2025-05,0.8084218319148626,0.01015094397955874,120
historical,xgboost,0.2,2025-06,0.8209209717495036,0.015015656700778774,120
historical,xgboost,0.2,2025-07,0.8261292638954796,0.02323256493432017,120
historical,xgboost,0.2,2025-08,0.8049866799276125,0.01636622191545762,120
historical,xgboost,0.2,2025-09,0.7796279184145558,0.00889924028975541,120
historical,xgboost,0.2,2025-10,0.8006540942840491,0.011540676930179766,120
historical,xgboost,0.2,2025-11,0.812709874603667,0.018137825670098823,120
historical,xgboost,0.2,2025-12,0.8708047030907345,0.022202075709954545,120
historical,xgboost,0.2,2026-01,0.8751159961019285,0.014577793135788813,120
historical,xgboost,0.2,2026-02,0.7883755245143822,0.015119386576886112,120
historical,xgboost,0.2,2026-03,0.8185759584500327,0.005850934478308047,120
historical,xgboost,0.2,2026-04,0.870424897286217,0.009936838293311968,120
historical,xgboost,0.2,2026-05,0.7792294068199861,0.010772809279954878,120
historical,xgboost,0.2,2026-06,0.7673588021987917,0.00918689525125393,120
historical,xgboost,1.0,2025-01,0.7955185368278692,0.016244905649912558,120
historical,xgboost,1.0,2025-02,0.8120776748861895,0.010428720305749902,120
historical,xgboost,1.0,2025-03,0.812707680731348,0.014254028426501135,120
historical,xgboost,1.0,2025-04,0.8476586278285876,0.015038216557850814,120
historical,xgboost,1.0,2025-05,0.8016096788083967,0.00903313869771217,120
historical,xgboost,1.0,2025-06,0.8143374074204969,0.009802992410719292,120
historical,xgboost,1.0,2025-07,0.8114688284862465,0.01810906312374938,120
historical,xgboost,1.0,2025-08,0.8006318115604252,0.023505795970520806,120
historical,xgboost,1.0,2025-09,0.7913460915033202,0.00847154460090195,120
historical,xgboost,1.0,2025-10,0.8020515774741668,0.014577639844914964,120
historical,xgboost,1.0,2025-11,0.8034920468282142,0.013877662264837125,120
historical,xgboost,1.0,2025-12,0.8622536367996947,0.03219299026222395,120
historical,xgboost,1.0,2026-01,0.8838780638110137,0.016266887970083053,120
historical,xgboost,1.0,2026-02,0.7848012052736522,0.011449676758727118,120
historical,xgboost,1.0,2026-03,0.8286160823363455,0.013931998509754446,120
historical,xgboost,1.0,2026-04,0.8715820827983952,0.017195074640764887,120
historical,xgboost,1.0,2026-05,0.7716572254602974,0.010633485253135117,120
historical,xgboost,1.0,2026-06,0.7721206995167244,0.00997953125257848,120
historical_and_t1,all_stocks,0.2,2025-01,0.8056300911330786,0.014337620882810185,120
historical_and_t1,all_stocks,0.2,2025-02,0.8192794170212504,0.03864756242562671,120
historical_and_t1,all_stocks,0.2,2025-03,0.82016015856919,0.018799225333631483,120
historical_and_t1,all_stocks,0.2,2025-04,0.8665795768292351,0.03514224754849682,120
historical_and_t1,all_stocks,0.2,2025-05,0.8131851216909394,0.030916980852148994,120
historical_and_t1,all_stocks,0.2,2025-06,0.8378321021795705,0.026312006123047,120
historical_and_t1,all_stocks,0.2,2025-07,0.8144158573058945,0.012194846729561757,120
historical_and_t1,all_stocks,0.2,2025-08,0.830568035941741,0.026266949190018037,120
historical_and_t1,all_stocks,0.2,2025-09,0.8330060110241077,0.0207580292174715,120
historical_and_t1,all_stocks,0.2,2025-10,0.8241134909745831,0.03415489383633686,120
historical_and_t1,all_stocks,0.2,2025-11,0.8171710391484309,0.029840758876141096,120
historical_and_t1,all_stocks,0.2,2025-12,0.850434224582783,0.03109967383683043,120
historical_and_t1,all_stocks,0.2,2026-01,0.8350385785640728,0.01944987470303668,120
historical_and_t1,all_stocks,0.2,2026-02,0.8241453672822716,0.019260751147866892,120
historical_and_t1,all_stocks,0.2,2026-03,0.846430824338204,0.023516791021259132,120
historical_and_t1,all_stocks,0.2,2026-04,0.8070491758344438,0.024056055256388906,120
historical_and_t1,all_stocks,0.2,2026-05,0.8085149758436221,0.01657899425735894,120
historical_and_t1,all_stocks,0.2,2026-06,0.8048616560086775,0.01621726598260505,120
historical_and_t1,all_stocks,1.0,2025-01,0.8123572034061937,0.03769818726482795,120
historical_and_t1,all_stocks,1.0,2025-02,0.8284201349571526,0.03055314412866205,120
historical_and_t1,all_stocks,1.0,2025-03,0.821693352328157,0.026191212807469853,120
historical_and_t1,all_stocks,1.0,2025-04,0.8580108237606925,0.03183280908430956,120
historical_and_t1,all_stocks,1.0,2025-05,0.8022034046288169,0.018103647377034987,120
historical_and_t1,all_stocks,1.0,2025-06,0.8324845846720524,0.047473493362640035,120
historical_and_t1,all_stocks,1.0,2025-07,0.822646484892045,0.01900825663162363,120
historical_and_t1,all_stocks,1.0,2025-08,0.8240845815023866,0.015081762924887566,120
historical_and_t1,all_stocks,1.0,2025-09,0.8382490061397979,0.026366609381855886,120
historical_and_t1,all_stocks,1.0,2025-10,0.8080394884694097,0.03495153753775103,120
historical_and_t1,all_stocks,1.0,2025-11,0.829661506464308,0.01983773881399075,120
historical_and_t1,all_stocks,1.0,2025-12,0.8351219252859879,0.021585522780650224,120
historical_and_t1,all_stocks,1.0,2026-01,0.8203655796065497,0.023074829307123314,120
historical_and_t1,all_stocks,1.0,2026-02,0.8106920162561615,0.027506843139048,120
historical_and_t1,all_stocks,1.0,2026-03,0.8363081195118162,0.02910854047929113,120
historical_and_t1,all_stocks,1.0,2026-04,0.8163874274413517,0.014884649368767678,120
historical_and_t1,all_stocks,1.0,2026-05,0.8010294203919536,0.024775309823540145,120
historical_and_t1,all_stocks,1.0,2026-06,0.8044300671560851,0.018785318866291506,120
historical_and_t1,neural_network,0.2,2025-01,0.8140206451609845,0.02033865287515052,120
historical_and_t1,neural_network,0.2,2025-02,0.8241884666781065,0.020367873748181945,120
historical_and_t1,neural_network,0.2,2025-03,0.8640578553661926,0.020327605770193605,120
historical_and_t1,neural_network,0.2,2025-05,1.2100000000000002,0.0,80
historical_and_t1,neural_network,0.2,2025-06,0.8560267757096104,0.027383494111161387,120
historical_and_t1,neural_network,0.2,2025-07,0.8031449525302842,0.010738205743451457,120
historical_and_t1,neural_network,0.2,2025-08,0.7821058273667137,0.0041851853488579765,120
historical_and_t1,neural_network,0.2,2025-09,0.8774218926827206,0.028808230256860898,120
historical_and_t1,neural_network,0.2,2025-10,0.7976841035433782,0.004409204413845762,120
historical_and_t1,neural_network,0.2,2025-11,0.8241620011442436,0.007108199397377853,120
historical_and_t1,neural_network,0.2,2025-12,0.8799707442572412,0.03776615979599521,120
historical_and_t1,neural_network,0.2,2026-01,0.8885344793379732,0.06260830219591913,120
historical_and_t1,neural_network,0.2,2026-02,0.8570359546803747,0.013658303786261518,120
historical_and_t1,neural_network,0.2,2026-03,0.8283375130558375,0.014848810223789853,120
historical_and_t1,neural_network,0.2,2026-04,0.816155057787251,0.00986719772629466,120
historical_and_t1,neural_network,0.2,2026-05,0.9568221210146356,0.022318422615168813,120
historical_and_t1,neural_network,0.2,2026-06,0.8008494550039204,0.018053823335911753,120
historical_and_t1,neural_network,1.0,2025-01,0.7953354927047687,0.012766706904024915,120
historical_and_t1,neural_network,1.0,2025-02,0.8173452714942006,0.0076228395491831635,120
historical_and_t1,neural_network,1.0,2025-03,0.8906547091180366,0.012417150669442371,120
historical_and_t1,neural_network,1.0,2025-04,0.8986704621355182,0.04630399756207785,120
historical_and_t1,neural_network,1.0,2025-05,0.8471226389784137,0.009170873643953893,120
historical_and_t1,neural_network,1.0,2025-06,0.8937383606965456,0.021577341394540893,120
historical_and_t1,neural_network,1.0,2025-07,0.8060177896168513,0.013762577693267544,120
historical_and_t1,neural_network,1.0,2025-08,0.7740489439538462,0.0057203354042931615,120
historical_and_t1,neural_network,1.0,2025-09,0.8281684779293557,0.02387883380023801,120
historical_and_t1,neural_network,1.0,2025-10,0.7920935205214995,0.011999801402510587,120
historical_and_t1,neural_network,1.0,2025-11,0.8261167139379281,0.009648359506411804,120
historical_and_t1,neural_network,1.0,2025-12,0.8746765541577485,0.02027636937335109,120
historical_and_t1,neural_network,1.0,2026-01,0.8789416655832508,0.02477585881064574,120
historical_and_t1,neural_network,1.0,2026-02,0.8494218688664465,0.0260373211750473,120
historical_and_t1,neural_network,1.0,2026-03,0.8278462111860788,0.018489568441010705,120
historical_and_t1,neural_network,1.0,2026-04,0.7892703204750587,0.006071111613166984,120
historical_and_t1,neural_network,1.0,2026-05,0.8906436285638274,0.00893765497817918,120
historical_and_t1,neural_network,1.0,2026-06,0.7979838927772289,0.014761546018146327,120
historical_and_t1,random_forest,0.2,2025-01,0.8048937891374565,0.011833929872559965,120
historical_and_t1,random_forest,0.2,2025-02,0.8085076112898518,0.007975216715519172,120
historical_and_t1,random_forest,0.2,2025-03,0.8862427291768854,0.018706039317217923,120
historical_and_t1,random_forest,0.2,2025-04,0.9419522121395583,0.03117883655661093,120
historical_and_t1,random_forest,0.2,2025-05,0.9031957005144767,0.03994194725451349,120
historical_and_t1,random_forest,0.2,2025-06,0.9110200301693506,0.028373982482058607,120
historical_and_t1,random_forest,0.2,2025-07,0.823258804928118,0.013585898863659471,120
historical_and_t1,random_forest,0.2,2025-08,0.8214333251753964,0.011616381505851163,120
historical_and_t1,random_forest,0.2,2025-09,0.8142207005628139,0.0177038086284868,120
historical_and_t1,random_forest,0.2,2025-10,0.7960166537529498,0.009055818406646564,120
historical_and_t1,random_forest,0.2,2025-11,0.7909210416498816,0.014145636093644928,120
historical_and_t1,random_forest,0.2,2025-12,0.8363470449571339,0.03279209917766209,120
historical_and_t1,random_forest,0.2,2026-01,0.8475747390727625,0.022813223856389626,120
historical_and_t1,random_forest,0.2,2026-02,0.8048911341262747,0.017010770159924787,120
historical_and_t1,random_forest,0.2,2026-03,0.828560305121572,0.015652297832134777,120
historical_and_t1,random_forest,0.2,2026-04,0.8638040144455535,0.00941822070296754,120
historical_and_t1,random_forest,0.2,2026-05,0.7693509816703507,0.007449229518933827,120
historical_and_t1,random_forest,0.2,2026-06,0.7817929476221152,0.010955158204639891,120
historical_and_t1,random_forest,1.0,2025-01,0.8069251241920304,0.010169618960118216,120
historical_and_t1,random_forest,1.0,2025-02,0.8147681632921704,0.010084734389864198,120
historical_and_t1,random_forest,1.0,2025-03,0.8914799091627067,0.02026564900393492,120
historical_and_t1,random_forest,1.0,2025-04,0.9203717170536632,0.021245043804258658,120
historical_and_t1,random_forest,1.0,2025-05,0.8377545785144224,0.013688480045290058,120
historical_and_t1,random_forest,1.0,2025-06,0.8678831162769131,0.025130287531647574,120
historical_and_t1,random_forest,1.0,2025-07,0.8303539860454763,0.01959515496860074,120
historical_and_t1,random_forest,1.0,2025-08,0.8164127949695305,0.01547366316205586,120
historical_and_t1,random_forest,1.0,2025-09,0.8113474787579525,0.01761615603440648,120
historical_and_t1,random_forest,1.0,2025-10,0.7927296407057938,0.008241472232931545,120
historical_and_t1,random_forest,1.0,2025-11,0.7965413405421671,0.015116202916059734,120
historical_and_t1,random_forest,1.0,2025-12,0.8525324845977095,0.03168979984128461,120
historical_and_t1,random_forest,1.0,2026-01,0.8578956668438018,0.007393663219395498,120
historical_and_t1,random_forest,1.0,2026-02,0.8038375186914846,0.009842601508765831,120
historical_and_t1,random_forest,1.0,2026-03,0.8318091220190854,0.012521678501913741,120
historical_and_t1,random_forest,1.0,2026-04,0.8693570473656675,0.011538443227872739,120
historical_and_t1,random_forest,1.0,2026-05,0.7698138441549374,0.010980331362095955,120
historical_and_t1,random_forest,1.0,2026-06,0.780015088250731,0.00944273052320002,120
historical_and_t1,svm,0.2,2025-01,0.8071372184383949,0.015485627977621208,120
historical_and_t1,svm,0.2,2025-02,0.8309589877855756,0.01647016536180879,120
historical_and_t1,svm,0.2,2025-03,0.8313686388953205,0.02051266716090037,120
historical_and_t1,svm,0.2,2025-04,0.9146539598176463,0.017507003758130624,120
historical_and_t1,svm,0.2,2025-05,0.8850150715358959,0.014545943420778012,120
historical_and_t1,svm,0.2,2025-06,0.9138301124600292,0.03781732222026993,120
historical_and_t1,svm,0.2,2025-07,0.8416759544781495,0.019778951284726214,120
historical_and_t1,svm,0.2,2025-08,0.7751582367531836,0.013679822726133434,120
historical_and_t1,svm,0.2,2025-09,0.789082804436197,0.01407558042460534,120
historical_and_t1,svm,0.2,2025-10,0.8155466585470849,0.016812248352914432,120
historical_and_t1,svm,0.2,2025-11,0.7984836327895491,0.014913309584727419,120
historical_and_t1,svm,0.2,2025-12,0.8391820949770333,0.017022047156377375,120
historical_and_t1,svm,0.2,2026-01,0.865325616509467,0.03015474547497836,120
historical_and_t1,svm,0.2,2026-02,0.8246827189446376,0.02104258729288418,120
historical_and_t1,svm,0.2,2026-03,0.8261557211704769,0.008097169668456122,120
historical_and_t1,svm,0.2,2026-04,0.90786939311151,0.013180554631649057,120
historical_and_t1,svm,0.2,2026-05,0.8098896560888931,0.011009544276720806,120
historical_and_t1,svm,0.2,2026-06,0.796030965011095,0.013932408052922876,120
historical_and_t1,svm,1.0,2025-01,0.8233972016985719,0.013342088307346667,120
historical_and_t1,svm,1.0,2025-02,0.8304481842720695,0.0074837638899752056,120
historical_and_t1,svm,1.0,2025-03,0.8381007402266055,0.025405178598727856,120
historical_and_t1,svm,1.0,2025-04,0.8999162463405953,0.023331199671420565,120
historical_and_t1,svm,1.0,2025-05,0.9312597751231404,0.018685845818291295,120
historical_and_t1,svm,1.0,2025-06,0.8438337007078012,0.012203089458300948,120
historical_and_t1,svm,1.0,2025-07,0.8453425262163287,0.021356718419239543,120
historical_and_t1,svm,1.0,2025-08,0.780435009837476,0.011806099636110708,120
historical_and_t1,svm,1.0,2025-09,0.7886723875447293,0.01081446352751682,120
historical_and_t1,svm,1.0,2025-10,0.8214591452011373,0.012770287304220723,120
historical_and_t1,svm,1.0,2025-11,0.8012952866720886,0.02493575748484838,120
historical_and_t1,svm,1.0,2025-12,0.8288199595482513,0.018742976434908756,120
historical_and_t1,svm,1.0,2026-01,0.8640716324974548,0.025661288221660392,120
historical_and_t1,svm,1.0,2026-02,0.826214257509027,0.0216916143222451,120
historical_and_t1,svm,1.0,2026-03,0.8347984360281001,0.0094907306892614,120
historical_and_t1,svm,1.0,2026-04,0.9161942174108486,0.018090639338181277,120
historical_and_t1,svm,1.0,2026-05,0.8173781962343669,0.00853059028500348,120
historical_and_t1,svm,1.0,2026-06,0.7961244941331792,0.01063093759546252,120
historical_and_t1,tabpfn,0.2,2025-01,0.7990039845410037,0.013891070489013443,120
historical_and_t1,tabpfn,0.2,2025-02,0.8147248549784868,0.008291900211267763,120
historical_and_t1,tabpfn,0.2,2025-03,0.8118916195472355,0.006666405434477504,120
historical_and_t1,tabpfn,0.2,2025-04,0.9468016368406017,0.02515943899584202,120
historical_and_t1,tabpfn,0.2,2025-05,0.9273649858643932,0.030393384076400125,120
historical_and_t1,tabpfn,0.2,2025-06,0.9581988785318296,0.031488567794247406,120
historical_and_t1,tabpfn,0.2,2025-07,0.8510316447897528,0.016919304787507958,120
historical_and_t1,tabpfn,0.2,2025-08,0.8039703352403013,0.023466482887061685,120
historical_and_t1,tabpfn,0.2,2025-09,0.8074684446480004,0.015526919965959946,120
historical_and_t1,tabpfn,0.2,2025-10,0.8052972326607638,0.010702938601888604,120
historical_and_t1,tabpfn,0.2,2025-11,0.8176327691294798,0.0065871803314645145,120
historical_and_t1,tabpfn,0.2,2025-12,0.8671605301355677,0.02888727145760703,120
historical_and_t1,tabpfn,0.2,2026-01,0.9505087254645621,0.011600028587228608,120
historical_and_t1,tabpfn,0.2,2026-02,0.8230482785990753,0.01411455223325495,120
historical_and_t1,tabpfn,0.2,2026-03,0.8133022719821387,0.008855885126995975,120
historical_and_t1,tabpfn,0.2,2026-04,0.8617725562656979,0.010131224992930862,120
historical_and_t1,tabpfn,0.2,2026-05,0.8788115257426049,0.02191072388655861,120
historical_and_t1,tabpfn,0.2,2026-06,0.8355641197537369,0.005757403188586133,120
historical_and_t1,tabpfn,1.0,2025-01,0.7942717174942476,0.0059670352308699715,120
historical_and_t1,tabpfn,1.0,2025-02,0.8130630672231809,0.01017587739350174,120
historical_and_t1,tabpfn,1.0,2025-03,0.8068184864578419,0.007334447254261186,120
historical_and_t1,tabpfn,1.0,2025-04,0.9215009238569305,0.027188118588609617,120
historical_and_t1,tabpfn,1.0,2025-05,0.8926418148871945,0.024213411586834998,120
historical_and_t1,tabpfn,1.0,2025-06,0.8849127311800886,0.0174247903285602,120
historical_and_t1,tabpfn,1.0,2025-07,0.8478753931458949,0.02072219172804539,120
historical_and_t1,tabpfn,1.0,2025-08,0.800649649729118,0.02306098052752234,120
historical_and_t1,tabpfn,1.0,2025-09,0.7977898874160584,0.004971198237534519,120
historical_and_t1,tabpfn,1.0,2025-10,0.7986555243311054,0.018504062082225357,120
historical_and_t1,tabpfn,1.0,2025-11,0.7971827099913985,0.011849373173025198,120
historical_and_t1,tabpfn,1.0,2025-12,0.8911268393876495,0.04052448524868539,120
historical_and_t1,tabpfn,1.0,2026-01,0.8838104003934597,0.009052163979378887,120
historical_and_t1,tabpfn,1.0,2026-02,0.8227183329321086,0.015276790277401139,120
historical_and_t1,tabpfn,1.0,2026-03,0.8145829020198954,0.016822145408100463,120
historical_and_t1,tabpfn,1.0,2026-04,0.8280339569720883,0.0185873069847458,120
historical_and_t1,tabpfn,1.0,2026-05,0.8859987819281908,0.02093499252695597,120
historical_and_t1,tabpfn,1.0,2026-06,0.799811262246143,0.0056460769042384505,120
historical_and_t1,xgboost,0.2,2025-01,0.8149213174195987,0.01580459929355252,120
historical_and_t1,xgboost,0.2,2025-02,0.8324803727947757,0.025729215394609248,120
historical_and_t1,xgboost,0.2,2025-03,0.9759378020611806,0.009276528176617853,120
historical_and_t1,xgboost,0.2,2025-04,0.9303858744001928,0.019983421926717256,120
historical_and_t1,xgboost,0.2,2025-05,0.906053397056861,0.016226708232114823,120
historical_and_t1,xgboost,0.2,2025-06,0.8905233964063631,0.029552690072153897,120
historical_and_t1,xgboost,0.2,2025-07,0.8280683417203765,0.020186707498593106,120
historical_and_t1,xgboost,0.2,2025-08,0.8014246653079463,0.02725261879748935,120
historical_and_t1,xgboost,0.2,2025-09,1.027033383972899,0.023147651335412623,120
historical_and_t1,xgboost,0.2,2025-10,0.8104039051472998,0.012471791203755387,120
historical_and_t1,xgboost,0.2,2025-11,0.8250717893081815,0.024427233702805775,120
historical_and_t1,xgboost,0.2,2025-12,0.8304830400295772,0.00987627682976527,120
historical_and_t1,xgboost,0.2,2026-01,0.8987525409393944,0.013841067689654483,120
historical_and_t1,xgboost,0.2,2026-02,0.8342147930272125,0.020069796087613223,120
historical_and_t1,xgboost,0.2,2026-03,0.8282001393695645,0.012705029764404435,120
historical_and_t1,xgboost,0.2,2026-06,0.7914755147393057,0.01305708262213058,120
historical_and_t1,xgboost,1.0,2025-01,0.8218002111763092,0.012811985694437823,120
historical_and_t1,xgboost,1.0,2025-02,0.8273620980788562,0.012165600761606657,120
historical_and_t1,xgboost,1.0,2025-03,0.8580320765167174,0.020040910984690442,120
historical_and_t1,xgboost,1.0,2025-04,0.8938472451638794,0.018533364905056544,120
historical_and_t1,xgboost,1.0,2025-05,0.8990707478151341,0.01095936737786587,120
historical_and_t1,xgboost,1.0,2025-06,0.8668399976803391,0.017121739993229187,120
historical_and_t1,xgboost,1.0,2025-07,0.8213408350923588,0.026657032980294485,120
historical_and_t1,xgboost,1.0,2025-08,0.7918397892568172,0.007455312682187536,120
historical_and_t1,xgboost,1.0,2025-09,0.8732596722647809,0.01631361862628634,120
historical_and_t1,xgboost,1.0,2025-10,0.8016780402780557,0.012679580641694901,120
historical_and_t1,xgboost,1.0,2025-11,0.8326978021682582,0.016841844705652396,120
historical_and_t1,xgboost,1.0,2025-12,0.8497854731420509,0.0072000899952751754,120
historical_and_t1,xgboost,1.0,2026-01,0.930058739185032,0.016630181404074452,120
historical_and_t1,xgboost,1.0,2026-02,0.8306743613535357,0.01813858031189071,120
historical_and_t1,xgboost,1.0,2026-03,0.832375840082902,0.01973460061382059,120
historical_and_t1,xgboost,1.0,2026-04,0.9483610053508306,0.029362450364768925,120
historical_and_t1,xgboost,1.0,2026-05,0.7671813732976174,0.0004805226904894759,120
historical_and_t1,xgboost,1.0,2026-06,0.8142620579040994,0.03716503092545073,120
t_plus_1,all_stocks,0.2,2025-01,0.7971354051040668,0.026737230850816484,120
t_plus_1,all_stocks,0.2,2025-02,0.8062136626164634,0.05122587252424847,120
t_plus_1,all_stocks,0.2,2025-03,0.8217177810046626,0.01608803502344529,120
t_plus_1,all_stocks,0.2,2025-04,0.8515361263848141,0.019158622305896305,120
t_plus_1,all_stocks,0.2,2025-05,0.8161472245251157,0.022572992735844156,120
t_plus_1,all_stocks,0.2,2025-06,0.8277137524448954,0.026154295761276425,120
t_plus_1,all_stocks,0.2,2025-07,0.8092997361597098,0.02048262718593707,120
t_plus_1,all_stocks,0.2,2025-08,0.8216940298838281,0.015050985850833169,120
t_plus_1,all_stocks,0.2,2025-09,0.8241933867484132,0.01941834532149195,120
t_plus_1,all_stocks,0.2,2025-10,0.8265082697437781,0.019602798634591335,120
t_plus_1,all_stocks,0.2,2025-11,0.8203256337469266,0.025809729388490913,120
t_plus_1,all_stocks,0.2,2025-12,0.8317993526857204,0.025997686743562284,120
t_plus_1,all_stocks,0.2,2026-01,0.8285094867998095,0.03054901475525805,120
t_plus_1,all_stocks,0.2,2026-02,0.8060749083260689,0.02400564855507587,120
t_plus_1,all_stocks,0.2,2026-03,0.83184173311967,0.023097629685902413,120
t_plus_1,all_stocks,0.2,2026-04,0.8117980947448551,0.0145446583642575,120
t_plus_1,all_stocks,0.2,2026-05,0.8077751176094636,0.019498816455837033,120
t_plus_1,all_stocks,0.2,2026-06,0.8048394318683996,0.019906001660842262,120
t_plus_1,all_stocks,1.0,2025-01,0.810526128478539,0.017173335853880138,120
t_plus_1,all_stocks,1.0,2025-02,0.8159876085880081,0.029066520082347336,120
t_plus_1,all_stocks,1.0,2025-03,0.8317827990725061,0.017518459628017482,120
t_plus_1,all_stocks,1.0,2025-04,0.8596371306304225,0.030978048003353173,120
t_plus_1,all_stocks,1.0,2025-05,0.8104776866146218,0.02307485345639579,120
t_plus_1,all_stocks,1.0,2025-06,0.8352919648666483,0.026184151978452513,120
t_plus_1,all_stocks,1.0,2025-07,0.8065096837155943,0.016310959060196757,120
t_plus_1,all_stocks,1.0,2025-08,0.8291469069864086,0.020020838070405715,120
t_plus_1,all_stocks,1.0,2025-09,0.826465187749822,0.020386799435096303,120
t_plus_1,all_stocks,1.0,2025-10,0.8161991905003522,0.022677366554933708,120
t_plus_1,all_stocks,1.0,2025-11,0.8147373089408808,0.02667551607531907,120
t_plus_1,all_stocks,1.0,2025-12,0.8250450891355446,0.01858213608205286,120
t_plus_1,all_stocks,1.0,2026-01,0.8311748995158493,0.027383027200734548,120
t_plus_1,all_stocks,1.0,2026-02,0.7936277549907044,0.026666178414516385,120
t_plus_1,all_stocks,1.0,2026-03,0.8209592455210036,0.02022180605601224,120
t_plus_1,all_stocks,1.0,2026-04,0.8016095045124731,0.033954059897193765,120
t_plus_1,all_stocks,1.0,2026-05,0.8052077706240153,0.02033341144005557,120
t_plus_1,all_stocks,1.0,2026-06,0.8039505252573851,0.015820199334614628,120
t_plus_1,neural_network,0.2,2025-01,0.8348851811560432,0.02386372877426696,120
t_plus_1,neural_network,0.2,2025-02,0.83518832783948,0.03082499429031621,120
t_plus_1,neural_network,0.2,2025-03,0.8603249174907437,0.03894328716649376,120
t_plus_1,neural_network,0.2,2025-04,0.8820240356318025,0.030588041212831398,120
t_plus_1,neural_network,0.2,2025-05,0.8720633636918848,0.018233545984884962,120
t_plus_1,neural_network,0.2,2025-06,0.8388014424204725,0.019620219682658802,120
t_plus_1,neural_network,0.2,2025-07,0.8262123016916026,0.014253670316206573,120
t_plus_1,neural_network,0.2,2025-08,0.8454346311469076,0.017967051568967024,120
t_plus_1,neural_network,0.2,2025-09,0.8108103329055157,0.01700931700756027,120
t_plus_1,neural_network,0.2,2025-10,0.8105090852679626,0.03935456565174029,120
t_plus_1,neural_network,0.2,2025-11,0.7949269709581751,0.01821725365022794,120
t_plus_1,neural_network,0.2,2025-12,0.8297887718661772,0.025832742885183373,120
t_plus_1,neural_network,0.2,2026-01,0.8227217789406805,0.02362019123040297,120
t_plus_1,neural_network,0.2,2026-02,0.8339871480796721,0.02521708853859708,120
t_plus_1,neural_network,0.2,2026-03,0.8195592485926112,0.01880517797073955,120
t_plus_1,neural_network,0.2,2026-04,0.8239696828069051,0.014782190509144819,120
t_plus_1,neural_network,0.2,2026-05,0.8233461850455853,0.03250677505370675,120
t_plus_1,neural_network,0.2,2026-06,0.8076308197131474,0.01799803734750361,120
t_plus_1,neural_network,1.0,2025-01,0.850222033381589,0.02774574904037927,120
t_plus_1,neural_network,1.0,2025-02,0.8459692080009075,0.03532895497562367,120
t_plus_1,neural_network,1.0,2025-03,0.8465179663879038,0.018943714766002238,120
t_plus_1,neural_network,1.0,2025-04,0.8877992512303493,0.016792431548017097,120
t_plus_1,neural_network,1.0,2025-05,0.8808488620454297,0.025531487763740365,120
t_plus_1,neural_network,1.0,2025-06,0.8377972078889012,0.015280801755863372,120
t_plus_1,neural_network,1.0,2025-07,0.818390328793021,0.017346873040454458,120
t_plus_1,neural_network,1.0,2025-08,0.8432484579158352,0.02103304273918217,120
t_plus_1,neural_network,1.0,2025-09,0.8161391164408831,0.013340938715493,120
t_plus_1,neural_network,1.0,2025-10,0.8418444689090349,0.05230411963279677,120
t_plus_1,neural_network,1.0,2025-11,0.8002719338048455,0.014926136924603988,120
t_plus_1,neural_network,1.0,2025-12,0.8457754868112654,0.04974156658461387,120
t_plus_1,neural_network,1.0,2026-01,0.8211794657108727,0.026480029997239383,120
t_plus_1,neural_network,1.0,2026-02,0.8316569484640265,0.01433764688487808,120
t_plus_1,neural_network,1.0,2026-03,0.8216299022958584,0.014492696838480937,120
t_plus_1,neural_network,1.0,2026-04,0.8157639550435215,0.02406572443949412,120
t_plus_1,neural_network,1.0,2026-05,0.8193303708985502,0.026164262019532387,120
t_plus_1,neural_network,1.0,2026-06,0.8139462361618844,0.015950330426007735,120
t_plus_1,random_forest,0.2,2025-01,0.8330579408159119,0.02018425230864072,120
t_plus_1,random_forest,0.2,2025-02,0.8537321755526478,0.038004954283381354,120
t_plus_1,random_forest,0.2,2025-03,0.8498575700578428,0.022867493870433082,120
t_plus_1,random_forest,0.2,2025-04,0.9308749684943246,0.022046027048989718,120
t_plus_1,random_forest,0.2,2025-05,0.8708665781989811,0.02366635832694233,120
t_plus_1,random_forest,0.2,2025-06,0.860383818415671,0.017356479000855997,120
t_plus_1,random_forest,0.2,2025-07,0.8486768607956907,0.009736656945977614,120
t_plus_1,random_forest,0.2,2025-08,0.8488533202172045,0.015024923356742244,120
t_plus_1,random_forest,0.2,2025-09,0.8520532142704489,0.04127643956138374,120
t_plus_1,random_forest,0.2,2025-10,0.8309825751017196,0.0240383474196396,120
t_plus_1,random_forest,0.2,2025-11,0.8171072009367052,0.023725220421766453,120
t_plus_1,random_forest,0.2,2025-12,0.8264840272140473,0.014773268228732959,120
t_plus_1,random_forest,0.2,2026-01,0.8571349430173106,0.03072388860464265,120
t_plus_1,random_forest,0.2,2026-02,0.8724317069180666,0.017266484234646808,120
t_plus_1,random_forest,0.2,2026-03,0.8516570606360312,0.02586923698981954,120
t_plus_1,random_forest,0.2,2026-04,0.8374307129743517,0.05606966825274984,120
t_plus_1,random_forest,0.2,2026-05,0.8111712353573306,0.023357655147947732,120
t_plus_1,random_forest,0.2,2026-06,0.8527436702817547,0.01594561149516564,120
t_plus_1,random_forest,1.0,2025-01,0.8248557079819866,0.014209911003987219,120
t_plus_1,random_forest,1.0,2025-02,0.8313392290307284,0.026480230582212997,120
t_plus_1,random_forest,1.0,2025-03,0.8527778973972833,0.02444510959964913,120
t_plus_1,random_forest,1.0,2025-04,0.9281031718049377,0.027762289805008035,120
t_plus_1,random_forest,1.0,2025-05,0.866997273257057,0.03091618244588142,120
t_plus_1,random_forest,1.0,2025-06,0.8608184362249575,0.015971147555727396,120
t_plus_1,random_forest,1.0,2025-07,0.8390539039688918,0.011626476932607047,120
t_plus_1,random_forest,1.0,2025-08,0.8335185886736457,0.014351407090836732,120
t_plus_1,random_forest,1.0,2025-09,0.8506270463747444,0.037323218637002144,120
t_plus_1,random_forest,1.0,2025-10,0.8226985412899094,0.011415461865951694,120
t_plus_1,random_forest,1.0,2025-11,0.8144238023059313,0.012329516659855405,120
t_plus_1,random_forest,1.0,2025-12,0.8303187357763945,0.01618987766875172,120
t_plus_1,random_forest,1.0,2026-01,0.8435555027276223,0.01940950960061443,120
t_plus_1,random_forest,1.0,2026-02,0.8587025339394774,0.032682292150828435,120
t_plus_1,random_forest,1.0,2026-03,0.8523508604902179,0.014373652449501348,120
t_plus_1,random_forest,1.0,2026-04,0.85686398956616,0.011191501617638416,120
t_plus_1,random_forest,1.0,2026-05,0.8057331558985558,0.02858254631229113,120
t_plus_1,random_forest,1.0,2026-06,0.8624812667241459,0.02161155458887341,120
t_plus_1,svm,0.2,2025-01,0.8339542019489669,0.023338660911287744,120
t_plus_1,svm,0.2,2025-02,0.8705838676812191,0.04158351026989759,120
t_plus_1,svm,0.2,2025-03,0.8527502074378689,0.03836514239304112,120
t_plus_1,svm,0.2,2025-04,0.9256456492248195,0.03453791202941973,120
t_plus_1,svm,0.2,2025-05,0.816364972458636,0.01585835871547196,120
t_plus_1,svm,0.2,2025-06,0.8169652683613432,0.033233119640907124,120
t_plus_1,svm,0.2,2025-07,0.8113774693945587,0.017263224677661167,120
t_plus_1,svm,0.2,2025-08,0.8211547723565478,0.020626545161432044,120
t_plus_1,svm,0.2,2025-09,0.8026963389382293,0.025532788944639874,120
t_plus_1,svm,0.2,2025-10,0.8186612123667534,0.042622581653969496,120
t_plus_1,svm,0.2,2025-11,0.8446217185617403,0.03212021169794031,120
t_plus_1,svm,0.2,2025-12,0.8399556351403785,0.021107635112793687,120
t_plus_1,svm,0.2,2026-01,0.8238048504881058,0.024049260478495083,120
t_plus_1,svm,0.2,2026-02,0.8827985096149695,0.03538775660494658,120
t_plus_1,svm,0.2,2026-03,0.8667332138510275,0.01755175380813608,120
t_plus_1,svm,0.2,2026-04,0.8456170885638589,0.014254532039237334,120
t_plus_1,svm,0.2,2026-05,0.8057261670105805,0.01543066984714604,120
t_plus_1,svm,0.2,2026-06,0.8211990947602795,0.02845329129444305,120
t_plus_1,svm,1.0,2025-01,0.8374317797723286,0.018757270946434822,120
t_plus_1,svm,1.0,2025-02,0.8739066732815088,0.03026793338121126,120
t_plus_1,svm,1.0,2025-03,0.8357739401453969,0.01902850386195668,120
t_plus_1,svm,1.0,2025-04,0.9014112004366134,0.027883576769186517,120
t_plus_1,svm,1.0,2025-05,0.8223698971639487,0.008722619274899607,120
t_plus_1,svm,1.0,2025-06,0.8164244455602438,0.025429766710282152,120
t_plus_1,svm,1.0,2025-07,0.8086545644845837,0.01739814075655689,120
t_plus_1,svm,1.0,2025-08,0.8161669643795213,0.01411851996706957,120
t_plus_1,svm,1.0,2025-09,0.7974709087524399,0.010116574707360182,120
t_plus_1,svm,1.0,2025-10,0.8383630244481763,0.03872904898535912,120
t_plus_1,svm,1.0,2025-11,0.8391984777907614,0.02233005231617843,120
t_plus_1,svm,1.0,2025-12,0.8501137260273056,0.022730202848189128,120
t_plus_1,svm,1.0,2026-01,0.8480463459612416,0.012709555205515349,120
t_plus_1,svm,1.0,2026-02,0.8654723269192172,0.019075701524784383,120
t_plus_1,svm,1.0,2026-03,0.8703486244675286,0.0156053791266495,120
t_plus_1,svm,1.0,2026-04,0.8477603067862635,0.0126019466105824,120
t_plus_1,svm,1.0,2026-05,0.8019753894416741,0.013139815128607632,120
t_plus_1,svm,1.0,2026-06,0.8158371007489033,0.01953302389154152,120
t_plus_1,tabpfn,0.2,2025-01,0.8443570823622433,0.03622435138859332,120
t_plus_1,tabpfn,0.2,2025-02,0.8236655714666531,0.014813648417047926,120
t_plus_1,tabpfn,0.2,2025-03,0.8212995703011623,0.02204961455287077,120
t_plus_1,tabpfn,0.2,2025-04,0.8377811782662664,0.02515268629883022,120
t_plus_1,tabpfn,0.2,2025-05,0.8231687293672095,0.028696857263400974,120
t_plus_1,tabpfn,0.2,2025-06,0.8405340881289869,0.023544791397220138,120
t_plus_1,tabpfn,0.2,2025-07,0.8248773956016178,0.02250055651558022,120
t_plus_1,tabpfn,0.2,2025-08,0.8280621398571104,0.011780391021888144,120
t_plus_1,tabpfn,0.2,2025-09,0.8235507301066481,0.037720469042239475,120
t_plus_1,tabpfn,0.2,2025-10,0.8160412804818888,0.017219312569799968,120
t_plus_1,tabpfn,0.2,2025-11,0.824130596372278,0.03124626605887973,120
t_plus_1,tabpfn,0.2,2025-12,0.8400091845734815,0.03212484267150163,120
t_plus_1,tabpfn,0.2,2026-01,0.8493182481203111,0.018885289163785367,120
t_plus_1,tabpfn,0.2,2026-02,0.8572034242311054,0.02593460258675767,120
t_plus_1,tabpfn,0.2,2026-03,0.8048458348005588,0.031923959323431395,120
t_plus_1,tabpfn,0.2,2026-04,0.8342704796573003,0.04112772286437851,120
t_plus_1,tabpfn,0.2,2026-05,0.7893203617135502,0.01297286367599432,120
t_plus_1,tabpfn,0.2,2026-06,0.8145377616716328,0.020280781788716114,120
t_plus_1,tabpfn,1.0,2025-01,0.8252031322282107,0.035915089324491695,120
t_plus_1,tabpfn,1.0,2025-02,0.8223147229799976,0.03468488524210917,120
t_plus_1,tabpfn,1.0,2025-03,0.8157106115007761,0.03259797571603505,120
t_plus_1,tabpfn,1.0,2025-04,0.817523962590055,0.029244877844944794,120
t_plus_1,tabpfn,1.0,2025-05,0.8343235603676119,0.03997447320461436,120
t_plus_1,tabpfn,1.0,2025-06,0.8414960750160527,0.01982729267240374,120
t_plus_1,tabpfn,1.0,2025-07,0.8051901177333941,0.03798249176877744,120
t_plus_1,tabpfn,1.0,2025-08,0.82186107092644,0.01916323705991214,120
t_plus_1,tabpfn,1.0,2025-09,0.8209135552231641,0.015479287598518132,120
t_plus_1,tabpfn,1.0,2025-10,0.8139583000913418,0.01962121809332727,120
t_plus_1,tabpfn,1.0,2025-11,0.8038980730526984,0.00957484880815377,120
t_plus_1,tabpfn,1.0,2025-12,0.8379514223325916,0.010907844491179793,120
t_plus_1,tabpfn,1.0,2026-01,0.8266694230099207,0.03298822740164217,120
t_plus_1,tabpfn,1.0,2026-02,0.8695264901055998,0.03100579802635671,120
t_plus_1,tabpfn,1.0,2026-03,0.823828776331619,0.029300491351953194,120
t_plus_1,tabpfn,1.0,2026-04,0.860383955274756,0.02503760610338673,120
t_plus_1,tabpfn,1.0,2026-05,0.7987884824509849,0.014305960105023302,120
t_plus_1,tabpfn,1.0,2026-06,0.8082060829508075,0.017093187467763216,120
t_plus_1,xgboost,0.2,2025-01,0.8169693453098704,0.013546259116691524,120
t_plus_1,xgboost,0.2,2025-02,0.8154876850089927,0.013097376055611194,120
t_plus_1,xgboost,0.2,2025-03,0.8407351178140813,0.01714076662536803,120
t_plus_1,xgboost,0.2,2025-04,0.8437860976474446,0.02235607439701241,120
t_plus_1,xgboost,0.2,2025-05,0.8677790611471655,0.023596774909233776,120
t_plus_1,xgboost,0.2,2025-06,0.8486788904699655,0.02279096383439296,120
t_plus_1,xgboost,0.2,2025-07,0.8108524118370638,0.017976284941695796,120
t_plus_1,xgboost,0.2,2025-08,0.8002896461797101,0.012502205245536479,120
t_plus_1,xgboost,0.2,2025-09,0.8139833904725748,0.014273236363589755,120
t_plus_1,xgboost,0.2,2025-10,0.8179814545343314,0.014350913859841689,120
t_plus_1,xgboost,0.2,2025-11,0.8229505854815261,0.013608994428534428,120
t_plus_1,xgboost,0.2,2025-12,0.8271311776672531,0.034523967652796306,120
t_plus_1,xgboost,0.2,2026-01,0.8587109893837289,0.0164013487735877,120
t_plus_1,xgboost,0.2,2026-02,0.841014698816458,0.013927512771886941,120
t_plus_1,xgboost,0.2,2026-03,0.8108648023739418,0.018728967988845834,120
t_plus_1,xgboost,0.2,2026-04,0.8413050983153981,0.026503070184724656,120
t_plus_1,xgboost,0.2,2026-05,0.8095671552432772,0.01755707997814755,120
t_plus_1,xgboost,0.2,2026-06,0.8269659971802954,0.010315141136265058,120
t_plus_1,xgboost,1.0,2025-01,0.8039314467435414,0.0313032035492561,120
t_plus_1,xgboost,1.0,2025-02,0.8177118551847359,0.027283176712436342,120
t_plus_1,xgboost,1.0,2025-03,0.8278740614414226,0.0156849779092478,120
t_plus_1,xgboost,1.0,2025-04,0.8493349121931056,0.02694942271253342,120
t_plus_1,xgboost,1.0,2025-05,0.8523703009952176,0.022372300257321315,120
t_plus_1,xgboost,1.0,2025-06,0.8462866085784315,0.02273906549855459,120
t_plus_1,xgboost,1.0,2025-07,0.8105827795064943,0.014241046891580612,120
t_plus_1,xgboost,1.0,2025-08,0.7890946191002041,0.021210494009522924,120
t_plus_1,xgboost,1.0,2025-09,0.8069489349659386,0.00682450327177092,120
t_plus_1,xgboost,1.0,2025-10,0.8133592592650454,0.014954609934241277,120
t_plus_1,xgboost,1.0,2025-11,0.8437747593684769,0.028896750594596798,120
t_plus_1,xgboost,1.0,2025-12,0.8566621960535072,0.027908711408091397,120
t_plus_1,xgboost,1.0,2026-01,0.8564602991654949,0.023451474704396513,120
t_plus_1,xgboost,1.0,2026-02,0.8382617671507426,0.00956191221012701,120
t_plus_1,xgboost,1.0,2026-03,0.820364257734709,0.023129310349488515,120
t_plus_1,xgboost,1.0,2026-04,0.8425426981355751,0.016174066962389724,120
t_plus_1,xgboost,1.0,2026-05,0.8052986785851872,0.027765776001732682,120
t_plus_1,xgboost,1.0,2026-06,0.8239607524612852,0.0185432026629923,120
