month,all_stocks,neural_network,svm,tabpfn,xgboost,random_forest
2025-01,0.03661528466221598,0.05521028987897883,0.04868062052504519,0.047455012528111934,0.0414845322045737,0.048833692712022786
2025-02,-0.004641842138339812,-0.01839505016798793,-0.04044660130964323,-0.044576824465956726,-0.04246079593497924,-0.05280898684674832
2025-03,-0.033203810288725086,-0.023891765509414582,-0.04321169891246855,-0.031322516685272014,-0.044774950917753256,-0.02697443430008014
2025-04,-0.012364545430047696,-0.02985456879245105,-0.03222944888761486,-0.02271192832862331,-0.01965494302642525,-0.031094630582559367
2025-05,0.026414285444715843,0.03965668964793856,0.04657459065199866,0.04192360794799396,0.038716446818817286,0.03476451038726447
2025-06,-0.006310243090815101,-0.01334719847455897,-0.011479753839505249,-0.007234175965730028,0.004412448533593863,-0.00670039180319168
2025-07,0.005879429389839161,0.009280448114381015,-0.002603992836995165,0.009060003460252278,0.012412539178536824,0.001951508579218243
2025-08,0.013013554631666903,0.014931824240957787,0.017049606153601363,0.013963528753996046,0.017750214315633984,0.020546923578690625
2025-09,0.04027263366077001,0.033425756444167024,0.05685064419685615,0.03231758178385962,0.030733309632858568,0.02746491408231746
2025-10,0.010087540134278017,0.007655884699315524,0.009205945169982799,0.006972157277479607,0.004791605398078359,0.0031359240788554304
2025-11,0.014050131183493693,0.0009256776505547739,0.0019139094303446884,0.00371911070122667,0.008497306418399672,0.0065257084876669084
2025-12,-0.009605549023742752,-0.0069374025033546085,-0.012703536188813667,-0.011873893065415154,-0.018258901857464253,-0.021962987913670087
2026-01,0.019960223185243535,0.02679003252857077,0.011815382058309535,0.019637953028524745,0.021765962190229523,0.023396886092749362
2026-02,0.004709386645425043,-0.006590504153959256,-0.0053343014293054675,-0.004603755429766498,-0.0175849432678433,-0.010254292755843528
2026-03,-0.017097005898780798,-0.04366276928753597,-0.019608416170894805,-0.023627856155469425,-0.03248229270068839,-0.022135725698726464
2026-04,0.05313473889574706,0.012290315525816851,0.0049540204828351486,-0.025878962752703814,-0.028023957184537523,-0.026540312815434463
2026-05,0.015093693253137253,0.007767700521506626,0.021959917252189126,0.014199245193759655,0.016280396918747275,0.012569996978783254
2026-06,0.023968371276183672,0.05309405667127493,0.014719641759301098,0.030460378002834416,0.03823204285059567,0.021101923653884438
