month,proposed: all_stocks,proposed: neural_network,proposed: random_forest,proposed: svm,proposed: tabpfn,proposed: xgboost,bmv_ipc [uncosted],cetes_28d [uncosted],momentum_equal_weight,sp500_mxn (in MXN) [uncosted]
2025-01,0.03661528466221598,0.05521028987897883,0.048833692712022786,0.04868062052504519,0.047455012528111934,0.0414845322045737,0.029022932770774945,0.008387222222222223,0.060828032793918484,0.02508202553696548
2025-02,0.03197344252387617,0.036815239710990905,-0.0039752941347255336,0.008234019215401955,0.0028781880621552083,-0.0009762637304055397,0.03742498652416559,0.016063888888888888,-0.03483873747027134,0.015192836790008934
2025-03,-0.0012303677648489164,0.012923474201576322,-0.030949728434805673,-0.034977679697066597,-0.028444328623116806,-0.045751214648158796,0.045159770446057346,0.02419277777777778,-0.11993327211440691,-0.025250003093455153
2025-04,-0.013594913194896613,-0.01693109459087473,-0.06204435901736504,-0.06720712858468145,-0.051156256951740114,-0.06540615767458405,0.0999310099976718,0.03170944444444444,-0.10053578148796394,-0.07299504095139442
2025-05,0.01281937224981923,0.02272559505706383,-0.02727984863010057,-0.020632537932682785,-0.009232649003746152,-0.02668971085576676,0.13629780479401266,0.03915805555555556,-0.04587128298003856,-0.04776784652249555
2025-06,0.006509129159004129,0.009378396582504861,-0.03398024043329225,-0.03211229177218804,-0.016466824969476178,-0.0222772623221729,0.13188571844741548,0.04592472222222222,-0.0060120734434643275,-0.02422076477957824
2025-07,0.012388558548843291,0.018658844696885876,-0.03202873185407401,-0.034716284609183204,-0.0074068215092239,-0.009864723143636074,0.12469209895034727,0.05281361111111111,0.06253439254959146,0.0002958902163439081
2025-08,0.025402113180510194,0.03359066893784366,-0.011481808275383386,-0.01766667845558184,0.006556707244772145,0.00788549117199791,0.15648097113567117,0.05925472222222222,0.06468433276353051,0.021032566662060104
2025-09,0.0656747468412802,0.06701642538201069,0.015983105806934073,0.03918396574127431,0.03887428902863177,0.03861880080485648,0.2252915871582355,0.06531305555555555,0.13695535987457302,0.046139560586181405
2025-10,0.07576228697555822,0.07467231008132622,0.019119029885789503,0.048389910911257106,0.04584644630611138,0.04341040620293484,0.23884664528612332,0.07151305555555555,0.1791883165151861,0.07784888384180655
2025-11,0.08981241815905192,0.07559798773188099,0.025644738373456412,0.050303820341601795,0.04956555700733805,0.05190771262133451,0.2538958404054408,0.07742972222222222,0.1139454691504431,0.06791050928338516
2025-12,0.08020686913530917,0.06866058522852639,0.0036817504597863246,0.03760028415278813,0.037691663941922894,0.03364881076387026,0.2658100293314465,0.08358666666666667,0.1031173545567074,0.05764297468905766
2026-01,0.10016709232055271,0.09545061775709715,0.027078636552535687,0.049415666211097664,0.05732961697044764,0.055414772954099786,0.3197158676811658,0.08967472222222223,0.1279778517503767,0.03830716227880748
2026-02,0.10487647896597775,0.08886011360313789,0.01682434379669216,0.0440813647817922,0.05272586154068114,0.03782982968625649,0.3436738434483775,0.09508027777777778,0.06136010136087705,0.03177382269250206
2026-03,0.08777947306719695,0.04519734431560192,-0.005311381902034305,0.024472948610897393,0.029098005385211713,0.005347536985568099,0.3157070198781303,0.10096166666666667,0.02719502339846002,0.016270451746387526
2026-04,0.140914211962944,0.05748765984141877,-0.031851694717468765,0.02942696909373254,0.0032190426325078986,-0.022676420198969423,0.28925255562353946,0.106495,0.2077983580473009,0.09418454170288804
2026-05,0.15600790521608127,0.0652553603629254,-0.01928169773868551,0.051386886345921666,0.017418287826267552,-0.006396023280222148,0.3086352966587169,0.11209222222222223,0.32913312233295833,0.1369326484757526
2026-06,0.17997627649226494,0.11834941703420032,0.0018202259151989288,0.06610652810522276,0.04787866582910197,0.03183601957037352,0.2914588576353334,0.1174088888888889,0.4236456143892985,0.12887994917194845
