cell,mean_rank,critical_difference,n_blocks,separated_from_best
"svm
ga_max_return, cap 0.2",3.0555555555555554,1.7771035555689163,18,False
"all_stocks
ga_max_return, cap 0.2",3.1666666666666665,1.7771035555689163,18,False
"neural_network
ga_max_return, cap 1",3.2222222222222223,1.7771035555689163,18,False
"random_forest
ga_max_return, cap 1",3.5,1.7771035555689163,18,False
"tabpfn
ga_max_return, cap 1",3.7777777777777777,1.7771035555689163,18,False
"xgboost
max_sharpe, cap 0.2",4.277777777777778,1.7771035555689163,18,False
