source_symbol,provider_symbol,listing
A,A.MX,sic_or_unseried
AAPL,AAPL.MX,sic_or_unseried
ABBV,ABBV.MX,sic_or_unseried
ABNB,ABNB.MX,sic_or_unseried
ABT,ABT.MX,sic_or_unseried
AC,AC.MX,national
ADBE,ADBE.MX,sic_or_unseried
ADI,ADI.MX,sic_or_unseried
ADM,ADM.MX,sic_or_unseried
ADSK,ADSK.MX,sic_or_unseried
AEP,AEP.MX,sic_or_unseried
AFRM,AFRM.MX,sic_or_unseried
AGNC,AGNC.MX,sic_or_unseried
AGUA,AGUA.MX,national
AHR,AHR.MX,sic_or_unseried
AIG,AIG.MX,sic_or_unseried
AIZ,AIZ.MX,sic_or_unseried
AJG,AJG.MX,sic_or_unseried
AKAM,AKAM.MX,sic_or_unseried
ALAB,ALAB.MX,sic_or_unseried
ALB,ALB.MX,sic_or_unseried
ALGN,ALGN.MX,sic_or_unseried
ALNY,ALNY.MX,sic_or_unseried
ALPEKA,ALPEKA.MX,national
ALSEA,ALSEA.MX,national
AMAT,AMAT.MX,sic_or_unseried
AMD,AMD.MX,sic_or_unseried
AME,AME.MX,sic_or_unseried
AMGN,AMGN.MX,sic_or_unseried
AMKR,AMKR.MX,sic_or_unseried
AMP,AMP.MX,sic_or_unseried
AMT,AMT.MX,sic_or_unseried
AMX.B,AMXB.MX,national
AMZN,AMZN.MX,sic_or_unseried
ANB,ANB.MX,sic_or_unseried
ANET,ANET.MX,sic_or_unseried
APA,APA.MX,sic_or_unseried
APD,APD.MX,sic_or_unseried
APH,APH.MX,sic_or_unseried
APP,APP.MX,sic_or_unseried
ARMK,ARMK.MX,sic_or_unseried
ASTS,ASTS.MX,sic_or_unseried
ASURB,ASURB.MX,national
ATI,ATI.MX,sic_or_unseried
ATO,ATO.MX,sic_or_unseried
AVB,AVB.MX,sic_or_unseried
AVGO,AVGO.MX,sic_or_unseried
AWK,AWK.MX,sic_or_unseried
AXON,AXON.MX,sic_or_unseried
AXP,AXP.MX,sic_or_unseried
AXTELCPO,AXTELCPO.MX,national
AZO,AZO.MX,sic_or_unseried
BA,BA.MX,sic_or_unseried
BAC,BAC.MX,sic_or_unseried
BAX,BAX.MX,sic_or_unseried
BBAJIOO,BBAJIOO.MX,national
BBVA,BBVA.MX,sic_or_unseried
BBY,BBY.MX,sic_or_unseried
BDX,BDX.MX,sic_or_unseried
BE,BE.MX,sic_or_unseried
BEN,BEN.MX,sic_or_unseried
BIIB,BIIB.MX,sic_or_unseried
BIMBO.A,BIMBOA.MX,national
BK,BK.MX,sic_or_unseried
BKNG,BKNG.MX,sic_or_unseried
BKR,BKR.MX,sic_or_unseried
BLK,BLK.MX,sic_or_unseried
BMNR,BMNR.MX,sic_or_unseried
BMRN,BMRN.MX,sic_or_unseried
BMY,BMY.MX,sic_or_unseried
BNS,BNS.MX,sic_or_unseried
BOLSAA,BOLSAA.MX,national
BRKB,BRKB.MX,sic_or_unseried
BRO,BRO.MX,sic_or_unseried
BSX,BSX.MX,sic_or_unseried
BURL,BURL.MX,sic_or_unseried
BWA,BWA.MX,sic_or_unseried
BWXT,BWXT.MX,sic_or_unseried
BX,BX.MX,sic_or_unseried
BXP,BXP.MX,sic_or_unseried
C,C.MX,sic_or_unseried
CAH,CAH.MX,sic_or_unseried
CARR,CARR.MX,sic_or_unseried
CASY,CASY.MX,sic_or_unseried
CAT,CAT.MX,sic_or_unseried
CBOE,CBOE.MX,sic_or_unseried
CBRE,CBRE.MX,sic_or_unseried
CDE,CDE.MX,sic_or_unseried
CDNS,CDNS.MX,sic_or_unseried
CDW,CDW.MX,sic_or_unseried
CEG,CEG.MX,sic_or_unseried
CEMEX.CPO,CEMEXCPO.MX,national
CF,CF.MX,sic_or_unseried
CFG,CFG.MX,sic_or_unseried
CG,CG.MX,sic_or_unseried
CHD,CHD.MX,sic_or_unseried
CHDRAUIB,CHDRAUIB.MX,national
CHRW,CHRW.MX,sic_or_unseried
CHTR,CHTR.MX,sic_or_unseried
CI,CI.MX,sic_or_unseried
CIEN,CIEN.MX,sic_or_unseried
CL,CL.MX,sic_or_unseried
CLX,CLX.MX,sic_or_unseried
CMCSA,CMCSA.MX,sic_or_unseried
CME,CME.MX,sic_or_unseried
CMG,CMG.MX,sic_or_unseried
CMI,CMI.MX,sic_or_unseried
CNC,CNC.MX,sic_or_unseried
COF,COF.MX,sic_or_unseried
COHR,COHR.MX,sic_or_unseried
COIN,COIN.MX,sic_or_unseried
COO,COO.MX,sic_or_unseried
COP,COP.MX,sic_or_unseried
COR,COR.MX,sic_or_unseried
COST,COST.MX,sic_or_unseried
CPNG,CPNG.MX,sic_or_unseried
CPRT,CPRT.MX,sic_or_unseried
CR,CR.MX,sic_or_unseried
CRCL,CRCL.MX,sic_or_unseried
CRL,CRL.MX,sic_or_unseried
CRM,CRM.MX,sic_or_unseried
CRWD,CRWD.MX,sic_or_unseried
CRWV,CRWV.MX,sic_or_unseried
CSCO,CSCO.MX,sic_or_unseried
CSX,CSX.MX,sic_or_unseried
CTAS,CTAS.MX,sic_or_unseried
CTSH,CTSH.MX,sic_or_unseried
CTVA,CTVA.MX,sic_or_unseried
CUERVO,CUERVO.MX,national
CVNA,CVNA.MX,sic_or_unseried
CVS,CVS.MX,sic_or_unseried
CVX,CVX.MX,sic_or_unseried
D,D.MX,sic_or_unseried
DAL,DAL.MX,sic_or_unseried
DANHOS13,DANHOS13.MX,national
DASH,DASH.MX,sic_or_unseried
DD,DD.MX,sic_or_unseried
DDOG,DDOG.MX,sic_or_unseried
DE,DE.MX,sic_or_unseried
DELLC,DELLC.MX,sic_or_unseried
DGG,DGG.MX,sic_or_unseried
DGX,DGX.MX,sic_or_unseried
DHI,DHI.MX,sic_or_unseried
DHR,DHR.MX,sic_or_unseried
DIS,DIS.MX,sic_or_unseried
DKS,DKS.MX,sic_or_unseried
DLR,DLR.MX,sic_or_unseried
DLTR,DLTR.MX,sic_or_unseried
DPZ,DPZ.MX,sic_or_unseried
DUK,DUK.MX,sic_or_unseried
DVA,DVA.MX,sic_or_unseried
DVN,DVN.MX,sic_or_unseried
DXCM,DXCM.MX,sic_or_unseried
EA,EA.MX,sic_or_unseried
EBAY,EBAY.MX,sic_or_unseried
ECHO,ECHO.MX,sic_or_unseried
ECL,ECL.MX,sic_or_unseried
EFX,EFX.MX,sic_or_unseried
EHC,EHC.MX,sic_or_unseried
EL,EL.MX,sic_or_unseried
ELAN,ELAN.MX,sic_or_unseried
ELV,ELV.MX,sic_or_unseried
EMR,EMR.MX,sic_or_unseried
ENTG,ENTG.MX,sic_or_unseried
EOG,EOG.MX,sic_or_unseried
EQIX,EQIX.MX,sic_or_unseried
EQR,EQR.MX,sic_or_unseried
EQT,EQT.MX,sic_or_unseried
ES,ES.MX,sic_or_unseried
ETR,ETR.MX,sic_or_unseried
EVR,EVR.MX,sic_or_unseried
EW,EW.MX,sic_or_unseried
EXC,EXC.MX,sic_or_unseried
EXE,EXE.MX,sic_or_unseried
EXPD,EXPD.MX,sic_or_unseried
EXPE,EXPE.MX,sic_or_unseried
EXR,EXR.MX,sic_or_unseried
F,F.MX,sic_or_unseried
FANG,FANG.MX,sic_or_unseried
FAST,FAST.MX,sic_or_unseried
FCX,FCX.MX,sic_or_unseried
FDX,FDX.MX,sic_or_unseried
FDXF,FDXF.MX,sic_or_unseried
FE,FE.MX,sic_or_unseried
FEMSA.UBD,FEMSAUBD.MX,national
FFIV,FFIV.MX,sic_or_unseried
FIBRAPL14,FIBRAPL14.MX,national
FIHO12,FIHO12.MX,national
FIS,FIS.MX,sic_or_unseried
FISV,FISV.MX,sic_or_unseried
FIVE,FIVE.MX,sic_or_unseried
FIX,FIX.MX,sic_or_unseried
FMTY14,FMTY14.MX,national
FRES,FRES.MX,sic_or_unseried
FSLR,FSLR.MX,sic_or_unseried
FTNT,FTNT.MX,sic_or_unseried
FUNO11,FUNO11.MX,national
GAP.B,GAPB.MX,national
GCARSO.A1,GCARSOA1.MX,national
GCC,GCC.MX,national
GD,GD.MX,sic_or_unseried
GDDY,GDDY.MX,sic_or_unseried
GE,GE.MX,sic_or_unseried
GEHC,GEHC.MX,sic_or_unseried
GENTERA,GENTERA.MX,national
GEV,GEV.MX,sic_or_unseried
GFINBUR.O,GFINBURO.MX,national
GFNORTEO,GFNORTEO.MX,national
GH,GH.MX,sic_or_unseried
GILD,GILD.MX,sic_or_unseried
GIS,GIS.MX,sic_or_unseried
GLPI,GLPI.MX,sic_or_unseried
GLW,GLW.MX,sic_or_unseried
GM,GM.MX,sic_or_unseried
GMEXICO.B,GMEXICOB.MX,national
GNRC,GNRC.MX,sic_or_unseried
GOOG,GOOG.MX,sic_or_unseried
GOOGL,GOOGL.MX,sic_or_unseried
GPC,GPC.MX,sic_or_unseried
GPN,GPN.MX,sic_or_unseried
GRUMAB,GRUMAB.MX,national
GS,GS.MX,sic_or_unseried
GWRE,GWRE.MX,sic_or_unseried
GWW,GWW.MX,sic_or_unseried
HAL,HAL.MX,sic_or_unseried
HAS,HAS.MX,sic_or_unseried
HBAN,HBAN.MX,sic_or_unseried
HCA,HCA.MX,sic_or_unseried
HD,HD.MX,sic_or_unseried
HIG,HIG.MX,sic_or_unseried
HII,HII.MX,sic_or_unseried
HLT,HLT.MX,sic_or_unseried
HON,HON.MX,sic_or_unseried
HONA,HONA.MX,sic_or_unseried
HOOD,HOOD.MX,sic_or_unseried
HPE,HPE.MX,sic_or_unseried
HPQ,HPQ.MX,sic_or_unseried
HRL,HRL.MX,sic_or_unseried
HST,HST.MX,sic_or_unseried
HSY,HSY.MX,sic_or_unseried
HUBB,HUBB.MX,sic_or_unseried
HUBS,HUBS.MX,sic_or_unseried
HUM,HUM.MX,sic_or_unseried
HWM,HWM.MX,sic_or_unseried
IBKR,IBKR.MX,sic_or_unseried
IBM,IBM.MX,sic_or_unseried
ICE,ICE.MX,sic_or_unseried
IDXX,IDXX.MX,sic_or_unseried
ILMN,ILMN.MX,sic_or_unseried
INCY,INCY.MX,sic_or_unseried
INSM,INSM.MX,sic_or_unseried
INTC,INTC.MX,sic_or_unseried
INTU,INTU.MX,sic_or_unseried
INVH,INVH.MX,sic_or_unseried
IONQ,IONQ.MX,sic_or_unseried
IOT,IOT.MX,sic_or_unseried
IP,IP.MX,sic_or_unseried
ISRG,ISRG.MX,sic_or_unseried
ITT,ITT.MX,sic_or_unseried
J,J.MX,sic_or_unseried
JBHT,JBHT.MX,sic_or_unseried
JBL,JBL.MX,sic_or_unseried
JNJ,JNJ.MX,sic_or_unseried
JPM,JPM.MX,sic_or_unseried
KEYS,KEYS.MX,sic_or_unseried
KHC,KHC.MX,sic_or_unseried
KIM,KIM.MX,sic_or_unseried
KIMBERA,KIMBERA.MX,national
KKRC,KKRC.MX,sic_or_unseried
KLAC,KLAC.MX,sic_or_unseried
KMB,KMB.MX,sic_or_unseried
KMI,KMI.MX,sic_or_unseried
KO,KO.MX,sic_or_unseried
KOF.UBL,KOFUBL.MX,national
KR,KR.MX,sic_or_unseried
KVUE,KVUE.MX,sic_or_unseried
L,L.MX,sic_or_unseried
LABB,LABB.MX,national
LACOMERUBC,LACOMERUBC.MX,national
LDOS,LDOS.MX,sic_or_unseried
LECO,LECO.MX,sic_or_unseried
LEN,LEN.MX,sic_or_unseried
LH,LH.MX,sic_or_unseried
LHX,LHX.MX,sic_or_unseried
LII,LII.MX,sic_or_unseried
LITE,LITE.MX,sic_or_unseried
LIVEPOLC-1,LIVEPOLC-1.MX,national
LLY,LLY.MX,sic_or_unseried
LMT,LMT.MX,sic_or_unseried
LNG,LNG.MX,sic_or_unseried
LOW,LOW.MX,sic_or_unseried
LPLA,LPLA.MX,sic_or_unseried
LRCX,LRCX.MX,sic_or_unseried
LULU,LULU.MX,sic_or_unseried
LUV,LUV.MX,sic_or_unseried
LVS,LVS.MX,sic_or_unseried
LYV,LYV.MX,sic_or_unseried
MA,MA.MX,sic_or_unseried
MAR,MAR.MX,sic_or_unseried
MCD,MCD.MX,sic_or_unseried
MCHP,MCHP.MX,sic_or_unseried
MCK,MCK.MX,sic_or_unseried
MCO,MCO.MX,sic_or_unseried
MDB,MDB.MX,sic_or_unseried
MDLZ,MDLZ.MX,sic_or_unseried
MEDP,MEDP.MX,sic_or_unseried
MEGACPO,MEGACPO.MX,national
MET,MET.MX,sic_or_unseried
META,META.MX,sic_or_unseried
MGM,MGM.MX,sic_or_unseried
MKC,MKC.MX,sic_or_unseried
MKL,MKL.MX,sic_or_unseried
MKSI,MKSI.MX,sic_or_unseried
MLI,MLI.MX,sic_or_unseried
MLM,MLM.MX,sic_or_unseried
MMM,MMM.MX,sic_or_unseried
MNST,MNST.MX,sic_or_unseried
MO,MO.MX,sic_or_unseried
MPC,MPC.MX,sic_or_unseried
MPWR,MPWR.MX,sic_or_unseried
MRK,MRK.MX,sic_or_unseried
MRNA,MRNA.MX,sic_or_unseried
MRSH,MRSH.MX,sic_or_unseried
MS,MS.MX,sic_or_unseried
MSCI,MSCI.MX,sic_or_unseried
MSFT,MSFT.MX,sic_or_unseried
MSI,MSI.MX,sic_or_unseried
MSTR,MSTR.MX,sic_or_unseried
MTB,MTB.MX,sic_or_unseried
MTD,MTD.MX,sic_or_unseried
MU,MU.MX,sic_or_unseried
NBIX,NBIX.MX,sic_or_unseried
NDAQ,NDAQ.MX,sic_or_unseried
NEE,NEE.MX,sic_or_unseried
NEM,NEM.MX,sic_or_unseried
NEMAKA,NEMAKA.MX,national
NET,NET.MX,sic_or_unseried
NFLX,NFLX.MX,sic_or_unseried
NKE,NKE.MX,sic_or_unseried
NOC,NOC.MX,sic_or_unseried
NOWW,NOWW.MX,sic_or_unseried
NRG,NRG.MX,sic_or_unseried
NSC,NSC.MX,sic_or_unseried
NTAP,NTAP.MX,sic_or_unseried
NTNX,NTNX.MX,sic_or_unseried
NUE,NUE.MX,sic_or_unseried
NVDA,NVDA.MX,sic_or_unseried
NVR,NVR.MX,sic_or_unseried
O,O.MX,sic_or_unseried
ODFL,ODFL.MX,sic_or_unseried
OHI,OHI.MX,sic_or_unseried
OKE,OKE.MX,sic_or_unseried
OKTA,OKTA.MX,sic_or_unseried
OMAB,OMAB.MX,national
ON,ON.MX,sic_or_unseried
ONTO,ONTO.MX,sic_or_unseried
ORBIA,ORBIA.MX,national
ORCL,ORCL.MX,sic_or_unseried
ORLY,ORLY.MX,sic_or_unseried
OTIS,OTIS.MX,sic_or_unseried
PANW,PANW.MX,sic_or_unseried
PAYX,PAYX.MX,sic_or_unseried
PCAR,PCAR.MX,sic_or_unseried
PCG,PCG.MX,sic_or_unseried
PE,PE.MX,sic_or_unseried
PEG,PEG.MX,sic_or_unseried
PEN,PEN.MX,sic_or_unseried
PEP,PEP.MX,sic_or_unseried
PFE,PFE.MX,sic_or_unseried
PG,PG.MX,sic_or_unseried
PGR,PGR.MX,sic_or_unseried
PH,PH.MX,sic_or_unseried
PHM,PHM.MX,sic_or_unseried
PINFRA,PINFRA.MX,national
PINS,PINS.MX,sic_or_unseried
PKG,PKG.MX,sic_or_unseried
PLD,PLD.MX,sic_or_unseried
PLTR,PLTR.MX,sic_or_unseried
PM,PM.MX,sic_or_unseried
PNC,PNC.MX,sic_or_unseried
PODD,PODD.MX,sic_or_unseried
PPG,PPG.MX,sic_or_unseried
PPLC,PPLC.MX,sic_or_unseried
PR,PR.MX,sic_or_unseried
PRU,PRU.MX,sic_or_unseried
PSA,PSA.MX,sic_or_unseried
PSTG,PSTG.MX,sic_or_unseried
PSX,PSX.MX,sic_or_unseried
PTC,PTC.MX,sic_or_unseried
PWR,PWR.MX,sic_or_unseried
PYPL,PYPL.MX,sic_or_unseried
Q,Q.MX,national
QCOM,QCOM.MX,sic_or_unseried
RA,RA.MX,national
RBLX,RBLX.MX,sic_or_unseried
RBRK,RBRK.MX,sic_or_unseried
RCL,RCL.MX,sic_or_unseried
RDDT,RDDT.MX,sic_or_unseried
REGN,REGN.MX,sic_or_unseried
RF,RF.MX,sic_or_unseried
RGLD,RGLD.MX,sic_or_unseried
RIVN,RIVN.MX,sic_or_unseried
RKLB,RKLB.MX,sic_or_unseried
RKT,RKT.MX,sic_or_unseried
RMD,RMD.MX,sic_or_unseried
ROK,ROK.MX,sic_or_unseried
ROKU,ROKU.MX,sic_or_unseried
ROL,ROL.MX,sic_or_unseried
ROST,ROST.MX,sic_or_unseried
RRX,RRX.MX,sic_or_unseried
RSGA,RSGA.MX,sic_or_unseried
RTX,RTX.MX,sic_or_unseried
RVMD,RVMD.MX,sic_or_unseried
SAIA,SAIA.MX,sic_or_unseried
SBAC,SBAC.MX,sic_or_unseried
SBUX,SBUX.MX,sic_or_unseried
SCCO,SCCO.MX,sic_or_unseried
SCHW,SCHW.MX,sic_or_unseried
SCI,SCI.MX,sic_or_unseried
SHW,SHW.MX,sic_or_unseried
SITM,SITM.MX,sic_or_unseried
SJM,SJM.MX,sic_or_unseried
SMCI,SMCI.MX,sic_or_unseried
SNOW,SNOW.MX,sic_or_unseried
SNPS,SNPS.MX,sic_or_unseried
SO,SO.MX,sic_or_unseried
SOFI,SOFI.MX,sic_or_unseried
SOLV,SOLV.MX,sic_or_unseried
SPG,SPG.MX,sic_or_unseried
SPGI,SPGI.MX,sic_or_unseried
SRE,SRE.MX,sic_or_unseried
SSNC,SSNC.MX,sic_or_unseried
STLD,STLD.MX,sic_or_unseried
STT,STT.MX,sic_or_unseried
STZ,STZ.MX,sic_or_unseried
SUI,SUI.MX,sic_or_unseried
SWK,SWK.MX,sic_or_unseried
SYF,SYF.MX,sic_or_unseried
SYK,SYK.MX,sic_or_unseried
SYY,SYY.MX,sic_or_unseried
T,T.MX,sic_or_unseried
TDG,TDG.MX,sic_or_unseried
TDY,TDY.MX,sic_or_unseried
TEAM,TEAM.MX,sic_or_unseried
TER,TER.MX,sic_or_unseried
TFC,TFC.MX,sic_or_unseried
TGT,TGT.MX,sic_or_unseried
THC,THC.MX,sic_or_unseried
TJX,TJX.MX,sic_or_unseried
TMO,TMO.MX,sic_or_unseried
TMUS,TMUS.MX,sic_or_unseried
TOL,TOL.MX,sic_or_unseried
TOST,TOST.MX,sic_or_unseried
TPL,TPL.MX,sic_or_unseried
TPR,TPR.MX,sic_or_unseried
TRGP,TRGP.MX,sic_or_unseried
TRMB,TRMB.MX,sic_or_unseried
TROW,TROW.MX,sic_or_unseried
TRV,TRV.MX,sic_or_unseried
TS,TS.MX,sic_or_unseried
TSLA,TSLA.MX,sic_or_unseried
TSN,TSN.MX,sic_or_unseried
TTMI,TTMI.MX,sic_or_unseried
TTWO,TTWO.MX,sic_or_unseried
TWLO,TWLO.MX,sic_or_unseried
TXN,TXN.MX,sic_or_unseried
TXRH,TXRH.MX,sic_or_unseried
TXT,TXT.MX,sic_or_unseried
TYL,TYL.MX,sic_or_unseried
U,U.MX,sic_or_unseried
UAL,UAL.MX,sic_or_unseried
UBER,UBER.MX,sic_or_unseried
ULTA,ULTA.MX,sic_or_unseried
UNH,UNH.MX,sic_or_unseried
UNP,UNP.MX,sic_or_unseried
UPS,UPS.MX,sic_or_unseried
URI,URI.MX,sic_or_unseried
USB,USB.MX,sic_or_unseried
USFD,USFD.MX,sic_or_unseried
UTHR,UTHR.MX,sic_or_unseried
V,V.MX,sic_or_unseried
VEEV,VEEV.MX,sic_or_unseried
VESTA,VESTA.MX,national
VG,VG.MX,sic_or_unseried
VICI,VICI.MX,sic_or_unseried
VLO,VLO.MX,sic_or_unseried
VLTO,VLTO.MX,sic_or_unseried
VMC,VMC.MX,sic_or_unseried
VOLARA,VOLARA.MX,national
VRSK,VRSK.MX,sic_or_unseried
VRSN,VRSN.MX,sic_or_unseried
VRT,VRT.MX,sic_or_unseried
VRTX,VRTX.MX,sic_or_unseried
VST,VST.MX,sic_or_unseried
VTR,VTR.MX,sic_or_unseried
VTRS,VTRS.MX,sic_or_unseried
VZ,VZ.MX,sic_or_unseried
W,W.MX,sic_or_unseried
WAB,WAB.MX,sic_or_unseried
WALMEX,WALMEX.MX,national
WAT,WAT.MX,sic_or_unseried
WBD,WBD.MX,sic_or_unseried
WDAY,WDAY.MX,sic_or_unseried
WDC,WDC.MX,sic_or_unseried
WELL,WELL.MX,sic_or_unseried
WFC,WFC.MX,sic_or_unseried
WMB,WMB.MX,sic_or_unseried
WMI,WMI.MX,sic_or_unseried
WMS,WMS.MX,sic_or_unseried
WMT,WMT.MX,sic_or_unseried
WPC,WPC.MX,sic_or_unseried
WRB,WRB.MX,sic_or_unseried
WSM,WSM.MX,sic_or_unseried
WSO,WSO.MX,sic_or_unseried
WST,WST.MX,sic_or_unseried
WTS,WTS.MX,sic_or_unseried
WWD,WWD.MX,sic_or_unseried
WY,WY.MX,sic_or_unseried
XEL,XEL.MX,sic_or_unseried
XOM,XOM.MX,sic_or_unseried
XPO,XPO.MX,sic_or_unseried
XYL,XYL.MX,sic_or_unseried
XYZ,XYZ.MX,sic_or_unseried
YUM,YUM.MX,sic_or_unseried
YUMC,YUMC.MX,sic_or_unseried
ZBH,ZBH.MX,sic_or_unseried
ZBRA,ZBRA.MX,sic_or_unseried
ZM,ZM.MX,sic_or_unseried
ZS,ZS.MX,sic_or_unseried
ZTS,ZTS.MX,sic_or_unseried
