source_symbol,yahoo_symbol,presumed_class
A,A.MX,sic_or_national_no_series
AAPL,AAPL.MX,sic_or_national_no_series
ABBV,ABBV.MX,sic_or_national_no_series
ABNB,ABNB.MX,sic_or_national_no_series
ABT,ABT.MX,sic_or_national_no_series
AC,AC.MX,sic_or_national_no_series
ADBE,ADBE.MX,sic_or_national_no_series
ADI,ADI.MX,sic_or_national_no_series
ADM,ADM.MX,sic_or_national_no_series
ADSK,ADSK.MX,sic_or_national_no_series
AEP,AEP.MX,sic_or_national_no_series
AFRM,AFRM.MX,sic_or_national_no_series
AGNC,AGNC.MX,sic_or_national_no_series
AHR,AHR.MX,sic_or_national_no_series
AIG,AIG.MX,sic_or_national_no_series
AIZ,AIZ.MX,sic_or_national_no_series
AJG,AJG.MX,sic_or_national_no_series
AKAM,AKAM.MX,sic_or_national_no_series
ALAB,ALAB.MX,sic_or_national_no_series
ALB,ALB.MX,sic_or_national_no_series
ALGN,ALGN.MX,sic_or_national_no_series
ALNY,ALNY.MX,sic_or_national_no_series
AMAT,AMAT.MX,sic_or_national_no_series
AMD,AMD.MX,sic_or_national_no_series
AME,AME.MX,sic_or_national_no_series
AMGN,AMGN.MX,sic_or_national_no_series
AMKR,AMKR.MX,sic_or_national_no_series
AMP,AMP.MX,sic_or_national_no_series
AMT,AMT.MX,sic_or_national_no_series
AMX.B,AMXB.MX,national
AMZN,AMZN.MX,sic_or_national_no_series
ANB,ANB.MX,sic_or_national_no_series
ANET,ANET.MX,sic_or_national_no_series
APA,APA.MX,sic_or_national_no_series
APD,APD.MX,sic_or_national_no_series
APH,APH.MX,sic_or_national_no_series
APP,APP.MX,sic_or_national_no_series
ARMK,ARMK.MX,sic_or_national_no_series
ASTS,ASTS.MX,sic_or_national_no_series
ATI,ATI.MX,sic_or_national_no_series
ATO,ATO.MX,sic_or_national_no_series
AVB,AVB.MX,sic_or_national_no_series
AVGO,AVGO.MX,sic_or_national_no_series
AWK,AWK.MX,sic_or_national_no_series
AXON,AXON.MX,sic_or_national_no_series
AXP,AXP.MX,sic_or_national_no_series
AZO,AZO.MX,sic_or_national_no_series
BA,BA.MX,sic_or_national_no_series
BAC,BAC.MX,sic_or_national_no_series
BAX,BAX.MX,sic_or_national_no_series
BBVA,BBVA.MX,sic_or_national_no_series
BBY,BBY.MX,sic_or_national_no_series
BDX,BDX.MX,sic_or_national_no_series
BE,BE.MX,sic_or_national_no_series
BEN,BEN.MX,sic_or_national_no_series
BIIB,BIIB.MX,sic_or_national_no_series
BIMBO.A,BIMBOA.MX,national
BK,BK.MX,sic_or_national_no_series
BKNG,BKNG.MX,sic_or_national_no_series
BKR,BKR.MX,sic_or_national_no_series
BLK,BLK.MX,sic_or_national_no_series
BMRN,BMRN.MX,sic_or_national_no_series
BMY,BMY.MX,sic_or_national_no_series
BNS,BNS.MX,sic_or_national_no_series
BRKB,BRKB.MX,sic_or_national_no_series
BRO,BRO.MX,sic_or_national_no_series
BSX,BSX.MX,sic_or_national_no_series
BURL,BURL.MX,sic_or_national_no_series
BWA,BWA.MX,sic_or_national_no_series
BWXT,BWXT.MX,sic_or_national_no_series
BX,BX.MX,sic_or_national_no_series
BXP,BXP.MX,sic_or_national_no_series
C,C.MX,sic_or_national_no_series
CAH,CAH.MX,sic_or_national_no_series
CARR,CARR.MX,sic_or_national_no_series
CASY,CASY.MX,sic_or_national_no_series
CAT,CAT.MX,sic_or_national_no_series
CBOE,CBOE.MX,sic_or_national_no_series
CBRE,CBRE.MX,sic_or_national_no_series
CDE,CDE.MX,sic_or_national_no_series
CDNS,CDNS.MX,sic_or_national_no_series
CDW,CDW.MX,sic_or_national_no_series
CEG,CEG.MX,sic_or_national_no_series
CEMEX.CPO,CEMEXCPO.MX,national
CF,CF.MX,sic_or_national_no_series
CFG,CFG.MX,sic_or_national_no_series
CG,CG.MX,sic_or_national_no_series
CHD,CHD.MX,sic_or_national_no_series
CHRW,CHRW.MX,sic_or_national_no_series
CHTR,CHTR.MX,sic_or_national_no_series
CI,CI.MX,sic_or_national_no_series
CIEN,CIEN.MX,sic_or_national_no_series
CL,CL.MX,sic_or_national_no_series
CLX,CLX.MX,sic_or_national_no_series
CMCSA,CMCSA.MX,sic_or_national_no_series
CME,CME.MX,sic_or_national_no_series
CMG,CMG.MX,sic_or_national_no_series
CMI,CMI.MX,sic_or_national_no_series
CNC,CNC.MX,sic_or_national_no_series
COF,COF.MX,sic_or_national_no_series
COHR,COHR.MX,sic_or_national_no_series
COIN,COIN.MX,sic_or_national_no_series
COO,COO.MX,sic_or_national_no_series
COP,COP.MX,sic_or_national_no_series
COR,COR.MX,sic_or_national_no_series
COST,COST.MX,sic_or_national_no_series
CPNG,CPNG.MX,sic_or_national_no_series
CPRT,CPRT.MX,sic_or_national_no_series
CR,CR.MX,sic_or_national_no_series
CRCL,CRCL.MX,sic_or_national_no_series
CRL,CRL.MX,sic_or_national_no_series
CRM,CRM.MX,sic_or_national_no_series
CRWD,CRWD.MX,sic_or_national_no_series
CRWV,CRWV.MX,sic_or_national_no_series
CSCO,CSCO.MX,sic_or_national_no_series
CSX,CSX.MX,sic_or_national_no_series
CTAS,CTAS.MX,sic_or_national_no_series
CTSH,CTSH.MX,sic_or_national_no_series
CTVA,CTVA.MX,sic_or_national_no_series
CVNA,CVNA.MX,sic_or_national_no_series
CVS,CVS.MX,sic_or_national_no_series
CVX,CVX.MX,sic_or_national_no_series
D,D.MX,sic_or_national_no_series
DAL,DAL.MX,sic_or_national_no_series
DASH,DASH.MX,sic_or_national_no_series
DD,DD.MX,sic_or_national_no_series
DDOG,DDOG.MX,sic_or_national_no_series
DE,DE.MX,sic_or_national_no_series
DELLC,DELLC.MX,sic_or_national_no_series
DGG,DGG.MX,sic_or_national_no_series
DGX,DGX.MX,sic_or_national_no_series
DHI,DHI.MX,sic_or_national_no_series
DHR,DHR.MX,sic_or_national_no_series
DIS,DIS.MX,sic_or_national_no_series
DKS,DKS.MX,sic_or_national_no_series
DLR,DLR.MX,sic_or_national_no_series
DLTR,DLTR.MX,sic_or_national_no_series
DPZ,DPZ.MX,sic_or_national_no_series
DUK,DUK.MX,sic_or_national_no_series
DVA,DVA.MX,sic_or_national_no_series
DVN,DVN.MX,sic_or_national_no_series
DXCM,DXCM.MX,sic_or_national_no_series
EA,EA.MX,sic_or_national_no_series
EBAY,EBAY.MX,sic_or_national_no_series
ECHO,ECHO.MX,sic_or_national_no_series
ECL,ECL.MX,sic_or_national_no_series
EFX,EFX.MX,sic_or_national_no_series
EHC,EHC.MX,sic_or_national_no_series
EL,EL.MX,sic_or_national_no_series
ELAN,ELAN.MX,sic_or_national_no_series
ELV,ELV.MX,sic_or_national_no_series
EMR,EMR.MX,sic_or_national_no_series
ENTG,ENTG.MX,sic_or_national_no_series
EOG,EOG.MX,sic_or_national_no_series
EQIX,EQIX.MX,sic_or_national_no_series
EQR,EQR.MX,sic_or_national_no_series
EQT,EQT.MX,sic_or_national_no_series
ES,ES.MX,sic_or_national_no_series
ETR,ETR.MX,sic_or_national_no_series
EVR,EVR.MX,sic_or_national_no_series
EW,EW.MX,sic_or_national_no_series
EXC,EXC.MX,sic_or_national_no_series
EXE,EXE.MX,sic_or_national_no_series
EXPD,EXPD.MX,sic_or_national_no_series
EXPE,EXPE.MX,sic_or_national_no_series
EXR,EXR.MX,sic_or_national_no_series
F,F.MX,sic_or_national_no_series
FANG,FANG.MX,sic_or_national_no_series
FAST,FAST.MX,sic_or_national_no_series
FCX,FCX.MX,sic_or_national_no_series
FDX,FDX.MX,sic_or_national_no_series
FDXF,FDXF.MX,sic_or_national_no_series
FE,FE.MX,sic_or_national_no_series
FEMSA.UBD,FEMSAUBD.MX,national
FFIV,FFIV.MX,sic_or_national_no_series
FIS,FIS.MX,sic_or_national_no_series
FISV,FISV.MX,sic_or_national_no_series
FIVE,FIVE.MX,sic_or_national_no_series
FIX,FIX.MX,sic_or_national_no_series
FRES,FRES.MX,sic_or_national_no_series
FSLR,FSLR.MX,sic_or_national_no_series
FTNT,FTNT.MX,sic_or_national_no_series
GAP.B,GAPB.MX,national
GCARSO.A1,GCARSOA1.MX,national
GD,GD.MX,sic_or_national_no_series
GDDY,GDDY.MX,sic_or_national_no_series
GE,GE.MX,sic_or_national_no_series
GEHC,GEHC.MX,sic_or_national_no_series
GEV,GEV.MX,sic_or_national_no_series
GFINBUR.O,GFINBURO.MX,national
GFNORTEO,GFNORTEO.MX,sic_or_national_no_series
GH,GH.MX,sic_or_national_no_series
GILD,GILD.MX,sic_or_national_no_series
GIS,GIS.MX,sic_or_national_no_series
GLPI,GLPI.MX,sic_or_national_no_series
GLW,GLW.MX,sic_or_national_no_series
GM,GM.MX,sic_or_national_no_series
GMEXICO.B,GMEXICOB.MX,national
GNRC,GNRC.MX,sic_or_national_no_series
GOOG,GOOG.MX,sic_or_national_no_series
GOOGL,GOOGL.MX,sic_or_national_no_series
GPC,GPC.MX,sic_or_national_no_series
GPN,GPN.MX,sic_or_national_no_series
GS,GS.MX,sic_or_national_no_series
GWRE,GWRE.MX,sic_or_national_no_series
GWW,GWW.MX,sic_or_national_no_series
HAL,HAL.MX,sic_or_national_no_series
HAS,HAS.MX,sic_or_national_no_series
HBAN,HBAN.MX,sic_or_national_no_series
HCA,HCA.MX,sic_or_national_no_series
HD,HD.MX,sic_or_national_no_series
HIG,HIG.MX,sic_or_national_no_series
HII,HII.MX,sic_or_national_no_series
HLT,HLT.MX,sic_or_national_no_series
HON,HON.MX,sic_or_national_no_series
HONA,HONA.MX,sic_or_national_no_series
HOOD,HOOD.MX,sic_or_national_no_series
HPE,HPE.MX,sic_or_national_no_series
HPQ,HPQ.MX,sic_or_national_no_series
HRL,HRL.MX,sic_or_national_no_series
HST,HST.MX,sic_or_national_no_series
HSY,HSY.MX,sic_or_national_no_series
HUBB,HUBB.MX,sic_or_national_no_series
HUBS,HUBS.MX,sic_or_national_no_series
HUM,HUM.MX,sic_or_national_no_series
HWM,HWM.MX,sic_or_national_no_series
IBKR,IBKR.MX,sic_or_national_no_series
IBM,IBM.MX,sic_or_national_no_series
ICE,ICE.MX,sic_or_national_no_series
IDXX,IDXX.MX,sic_or_national_no_series
ILMN,ILMN.MX,sic_or_national_no_series
INCY,INCY.MX,sic_or_national_no_series
INSM,INSM.MX,sic_or_national_no_series
INTC,INTC.MX,sic_or_national_no_series
INTU,INTU.MX,sic_or_national_no_series
INVH,INVH.MX,sic_or_national_no_series
IONQ,IONQ.MX,sic_or_national_no_series
IOT,IOT.MX,sic_or_national_no_series
IP,IP.MX,sic_or_national_no_series
ISRG,ISRG.MX,sic_or_national_no_series
ITT,ITT.MX,sic_or_national_no_series
J,J.MX,sic_or_national_no_series
JBHT,JBHT.MX,sic_or_national_no_series
JBL,JBL.MX,sic_or_national_no_series
JNJ,JNJ.MX,sic_or_national_no_series
JPM,JPM.MX,sic_or_national_no_series
KEYS,KEYS.MX,sic_or_national_no_series
KHC,KHC.MX,sic_or_national_no_series
KIM,KIM.MX,sic_or_national_no_series
KKRC,KKRC.MX,sic_or_national_no_series
KLAC,KLAC.MX,sic_or_national_no_series
KMB,KMB.MX,sic_or_national_no_series
KMI,KMI.MX,sic_or_national_no_series
KO,KO.MX,sic_or_national_no_series
KOF.UBL,KOFUBL.MX,national
KR,KR.MX,sic_or_national_no_series
KVUE,KVUE.MX,sic_or_national_no_series
L,L.MX,sic_or_national_no_series
LDOS,LDOS.MX,sic_or_national_no_series
LECO,LECO.MX,sic_or_national_no_series
LEN,LEN.MX,sic_or_national_no_series
LH,LH.MX,sic_or_national_no_series
LHX,LHX.MX,sic_or_national_no_series
LII,LII.MX,sic_or_national_no_series
LITE,LITE.MX,sic_or_national_no_series
LLY,LLY.MX,sic_or_national_no_series
LMT,LMT.MX,sic_or_national_no_series
LNG,LNG.MX,sic_or_national_no_series
LOW,LOW.MX,sic_or_national_no_series
LPLA,LPLA.MX,sic_or_national_no_series
LRCX,LRCX.MX,sic_or_national_no_series
LULU,LULU.MX,sic_or_national_no_series
LUV,LUV.MX,sic_or_national_no_series
LVS,LVS.MX,sic_or_national_no_series
LYV,LYV.MX,sic_or_national_no_series
MA,MA.MX,sic_or_national_no_series
MAR,MAR.MX,sic_or_national_no_series
MCD,MCD.MX,sic_or_national_no_series
MCHP,MCHP.MX,sic_or_national_no_series
MCK,MCK.MX,sic_or_national_no_series
MCO,MCO.MX,sic_or_national_no_series
MDB,MDB.MX,sic_or_national_no_series
MDLZ,MDLZ.MX,sic_or_national_no_series
MEDP,MEDP.MX,sic_or_national_no_series
MET,MET.MX,sic_or_national_no_series
META,META.MX,sic_or_national_no_series
MGM,MGM.MX,sic_or_national_no_series
MKC,MKC.MX,sic_or_national_no_series
MKL,MKL.MX,sic_or_national_no_series
MKSI,MKSI.MX,sic_or_national_no_series
MLI,MLI.MX,sic_or_national_no_series
MLM,MLM.MX,sic_or_national_no_series
MMM,MMM.MX,sic_or_national_no_series
MNST,MNST.MX,sic_or_national_no_series
MO,MO.MX,sic_or_national_no_series
MPC,MPC.MX,sic_or_national_no_series
MPWR,MPWR.MX,sic_or_national_no_series
MRK,MRK.MX,sic_or_national_no_series
MRNA,MRNA.MX,sic_or_national_no_series
MRSH,MRSH.MX,sic_or_national_no_series
MS,MS.MX,sic_or_national_no_series
MSCI,MSCI.MX,sic_or_national_no_series
MSFT,MSFT.MX,sic_or_national_no_series
MSI,MSI.MX,sic_or_national_no_series
MSTR,MSTR.MX,sic_or_national_no_series
MTB,MTB.MX,sic_or_national_no_series
MTD,MTD.MX,sic_or_national_no_series
MU,MU.MX,sic_or_national_no_series
NBIX,NBIX.MX,sic_or_national_no_series
NDAQ,NDAQ.MX,sic_or_national_no_series
NEE,NEE.MX,sic_or_national_no_series
NEM,NEM.MX,sic_or_national_no_series
NET,NET.MX,sic_or_national_no_series
NFLX,NFLX.MX,sic_or_national_no_series
NKE,NKE.MX,sic_or_national_no_series
NOC,NOC.MX,sic_or_national_no_series
NOWW,NOWW.MX,sic_or_national_no_series
NRG,NRG.MX,sic_or_national_no_series
NSC,NSC.MX,sic_or_national_no_series
NTAP,NTAP.MX,sic_or_national_no_series
NTNX,NTNX.MX,sic_or_national_no_series
NUE,NUE.MX,sic_or_national_no_series
NVDA,NVDA.MX,sic_or_national_no_series
NVR,NVR.MX,sic_or_national_no_series
O,O.MX,sic_or_national_no_series
ODFL,ODFL.MX,sic_or_national_no_series
OHI,OHI.MX,sic_or_national_no_series
OKE,OKE.MX,sic_or_national_no_series
OKTA,OKTA.MX,sic_or_national_no_series
ON,ON.MX,sic_or_national_no_series
ONTO,ONTO.MX,sic_or_national_no_series
ORCL,ORCL.MX,sic_or_national_no_series
ORLY,ORLY.MX,sic_or_national_no_series
OTIS,OTIS.MX,sic_or_national_no_series
PANW,PANW.MX,sic_or_national_no_series
PAYX,PAYX.MX,sic_or_national_no_series
PCAR,PCAR.MX,sic_or_national_no_series
PCG,PCG.MX,sic_or_national_no_series
PE,PE.MX,sic_or_national_no_series
PEG,PEG.MX,sic_or_national_no_series
PEN,PEN.MX,sic_or_national_no_series
PEP,PEP.MX,sic_or_national_no_series
PFE,PFE.MX,sic_or_national_no_series
PG,PG.MX,sic_or_national_no_series
PGR,PGR.MX,sic_or_national_no_series
PH,PH.MX,sic_or_national_no_series
PHM,PHM.MX,sic_or_national_no_series
PINS,PINS.MX,sic_or_national_no_series
PKG,PKG.MX,sic_or_national_no_series
PLD,PLD.MX,sic_or_national_no_series
PLTR,PLTR.MX,sic_or_national_no_series
PM,PM.MX,sic_or_national_no_series
PNC,PNC.MX,sic_or_national_no_series
PODD,PODD.MX,sic_or_national_no_series
PPG,PPG.MX,sic_or_national_no_series
PPLC,PPLC.MX,sic_or_national_no_series
PR,PR.MX,sic_or_national_no_series
PRU,PRU.MX,sic_or_national_no_series
PSA,PSA.MX,sic_or_national_no_series
PSTG,PSTG.MX,sic_or_national_no_series
PSX,PSX.MX,sic_or_national_no_series
PTC,PTC.MX,sic_or_national_no_series
PWR,PWR.MX,sic_or_national_no_series
PYPL,PYPL.MX,sic_or_national_no_series
QCOM,QCOM.MX,sic_or_national_no_series
RBLX,RBLX.MX,sic_or_national_no_series
RBRK,RBRK.MX,sic_or_national_no_series
RCL,RCL.MX,sic_or_national_no_series
RDDT,RDDT.MX,sic_or_national_no_series
REGN,REGN.MX,sic_or_national_no_series
RF,RF.MX,sic_or_national_no_series
RGLD,RGLD.MX,sic_or_national_no_series
RIVN,RIVN.MX,sic_or_national_no_series
RKLB,RKLB.MX,sic_or_national_no_series
RKT,RKT.MX,sic_or_national_no_series
RMD,RMD.MX,sic_or_national_no_series
ROK,ROK.MX,sic_or_national_no_series
ROKU,ROKU.MX,sic_or_national_no_series
ROL,ROL.MX,sic_or_national_no_series
ROST,ROST.MX,sic_or_national_no_series
RRX,RRX.MX,sic_or_national_no_series
RSGA,RSGA.MX,sic_or_national_no_series
RTX,RTX.MX,sic_or_national_no_series
RVMD,RVMD.MX,sic_or_national_no_series
SAIA,SAIA.MX,sic_or_national_no_series
SBAC,SBAC.MX,sic_or_national_no_series
SBUX,SBUX.MX,sic_or_national_no_series
SCCO,SCCO.MX,sic_or_national_no_series
SCHW,SCHW.MX,sic_or_national_no_series
SCI,SCI.MX,sic_or_national_no_series
SHW,SHW.MX,sic_or_national_no_series
SITM,SITM.MX,sic_or_national_no_series
SJM,SJM.MX,sic_or_national_no_series
SMCI,SMCI.MX,sic_or_national_no_series
SMTC,SMTC.MX,sic_or_national_no_series
SNOW,SNOW.MX,sic_or_national_no_series
SNPS,SNPS.MX,sic_or_national_no_series
SO,SO.MX,sic_or_national_no_series
SOFI,SOFI.MX,sic_or_national_no_series
SOLV,SOLV.MX,sic_or_national_no_series
SPG,SPG.MX,sic_or_national_no_series
SPGI,SPGI.MX,sic_or_national_no_series
SRE,SRE.MX,sic_or_national_no_series
SSNC,SSNC.MX,sic_or_national_no_series
STLD,STLD.MX,sic_or_national_no_series
STT,STT.MX,sic_or_national_no_series
STZ,STZ.MX,sic_or_national_no_series
SUI,SUI.MX,sic_or_national_no_series
SWK,SWK.MX,sic_or_national_no_series
SYF,SYF.MX,sic_or_national_no_series
SYK,SYK.MX,sic_or_national_no_series
SYY,SYY.MX,sic_or_national_no_series
T,T.MX,sic_or_national_no_series
TDG,TDG.MX,sic_or_national_no_series
TDY,TDY.MX,sic_or_national_no_series
TEAM,TEAM.MX,sic_or_national_no_series
TER,TER.MX,sic_or_national_no_series
TFC,TFC.MX,sic_or_national_no_series
TGT,TGT.MX,sic_or_national_no_series
THC,THC.MX,sic_or_national_no_series
TJX,TJX.MX,sic_or_national_no_series
TMO,TMO.MX,sic_or_national_no_series
TMUS,TMUS.MX,sic_or_national_no_series
TOL,TOL.MX,sic_or_national_no_series
TOST,TOST.MX,sic_or_national_no_series
TPL,TPL.MX,sic_or_national_no_series
TPR,TPR.MX,sic_or_national_no_series
TRGP,TRGP.MX,sic_or_national_no_series
TRMB,TRMB.MX,sic_or_national_no_series
TROW,TROW.MX,sic_or_national_no_series
TRV,TRV.MX,sic_or_national_no_series
TS,TS.MX,sic_or_national_no_series
TSLA,TSLA.MX,sic_or_national_no_series
TSN,TSN.MX,sic_or_national_no_series
TTMI,TTMI.MX,sic_or_national_no_series
TTWO,TTWO.MX,sic_or_national_no_series
TWLO,TWLO.MX,sic_or_national_no_series
TXN,TXN.MX,sic_or_national_no_series
TXRH,TXRH.MX,sic_or_national_no_series
TXT,TXT.MX,sic_or_national_no_series
TYL,TYL.MX,sic_or_national_no_series
U,U.MX,sic_or_national_no_series
UAL,UAL.MX,sic_or_national_no_series
UBER,UBER.MX,sic_or_national_no_series
ULTA,ULTA.MX,sic_or_national_no_series
UNH,UNH.MX,sic_or_national_no_series
UNP,UNP.MX,sic_or_national_no_series
UPS,UPS.MX,sic_or_national_no_series
URI,URI.MX,sic_or_national_no_series
USB,USB.MX,sic_or_national_no_series
USFD,USFD.MX,sic_or_national_no_series
UTHR,UTHR.MX,sic_or_national_no_series
V,V.MX,sic_or_national_no_series
VEEV,VEEV.MX,sic_or_national_no_series
VG,VG.MX,sic_or_national_no_series
VICI,VICI.MX,sic_or_national_no_series
VLO,VLO.MX,sic_or_national_no_series
VLTO,VLTO.MX,sic_or_national_no_series
VMC,VMC.MX,sic_or_national_no_series
VRSK,VRSK.MX,sic_or_national_no_series
VRSN,VRSN.MX,sic_or_national_no_series
VRT,VRT.MX,sic_or_national_no_series
VRTX,VRTX.MX,sic_or_national_no_series
VST,VST.MX,sic_or_national_no_series
VTR,VTR.MX,sic_or_national_no_series
VTRS,VTRS.MX,sic_or_national_no_series
VZ,VZ.MX,sic_or_national_no_series
W,W.MX,sic_or_national_no_series
WAB,WAB.MX,sic_or_national_no_series
WALMEX,WALMEX.MX,sic_or_national_no_series
WAT,WAT.MX,sic_or_national_no_series
WBD,WBD.MX,sic_or_national_no_series
WDAY,WDAY.MX,sic_or_national_no_series
WDC,WDC.MX,sic_or_national_no_series
WELL,WELL.MX,sic_or_national_no_series
WFC,WFC.MX,sic_or_national_no_series
WMB,WMB.MX,sic_or_national_no_series
WMI,WMI.MX,sic_or_national_no_series
WMS,WMS.MX,sic_or_national_no_series
WMT,WMT.MX,sic_or_national_no_series
WPC,WPC.MX,sic_or_national_no_series
WRB,WRB.MX,sic_or_national_no_series
WSM,WSM.MX,sic_or_national_no_series
WSO,WSO.MX,sic_or_national_no_series
WST,WST.MX,sic_or_national_no_series
WTS,WTS.MX,sic_or_national_no_series
WWD,WWD.MX,sic_or_national_no_series
WY,WY.MX,sic_or_national_no_series
XEL,XEL.MX,sic_or_national_no_series
XOM,XOM.MX,sic_or_national_no_series
XPO,XPO.MX,sic_or_national_no_series
XYL,XYL.MX,sic_or_national_no_series
XYZ,XYZ.MX,sic_or_national_no_series
YUM,YUM.MX,sic_or_national_no_series
YUMC,YUMC.MX,sic_or_national_no_series
ZBH,ZBH.MX,sic_or_national_no_series
ZBRA,ZBRA.MX,sic_or_national_no_series
ZM,ZM.MX,sic_or_national_no_series
ZS,ZS.MX,sic_or_national_no_series
ZTS,ZTS.MX,sic_or_national_no_series
