sym,listing,nrows,coverage,start_gap,end_gap,nz,stale,adv
A.MX,sic_or_unseried,373,0.9973262032085561,0,0,0.040214477211796246,126,0.0
AAPL.MX,sic_or_unseried,374,1.0,0,0,1.0,0,30204553.92626953
ABBV.MX,sic_or_unseried,374,1.0,0,0,0.6229946524064172,6,70334.5
ABNB.MX,sic_or_unseried,373,0.9973262032085561,0,0,0.8525469168900804,4,126021.0
ABT.MX,sic_or_unseried,374,1.0,0,0,0.516042780748663,11,14877.464965820312
AC.MX,national,373,0.9973262032085561,0,0,1.0,0,308047551.4253998
ADBE.MX,sic_or_unseried,374,1.0,0,0,0.9866310160427807,1,4806218.75
ADI.MX,sic_or_unseried,373,0.9973262032085561,0,0,0.32171581769436997,17,0.0
ADM.MX,sic_or_unseried,373,0.9973262032085561,0,0,0.1447721179624665,37,0.0
ADSK.MX,sic_or_unseried,374,1.0,0,0,0.30213903743315507,11,0.0
AEP.MX,sic_or_unseried,373,0.9973262032085561,0,0,0.021447721179624665,281,0.0
AFRM.MX,sic_or_unseried,373,0.9973262032085561,0,0,0.6273458445040214,12,22200.0
AGNC.MX,sic_or_unseried,373,0.9973262032085561,0,0,0.8766756032171582,3,21109.0
AGUA.MX,national,373,0.9973262032085561,0,0,1.0,2,943395.75
AHR.MX,sic_or_unseried,4,0.0106951871657754,539,0,0.25,3,0.0
AIG.MX,sic_or_unseried,373,0.9973262032085561,0,0,0.040214477211796246,74,0.0
AIZ.MX,sic_or_unseried,373,0.9973262032085561,0,0,0.002680965147453083,351,0.0
AJG.MX,sic_or_unseried,373,0.9973262032085561,0,0,0.10455764075067024,37,0.0
AKAM.MX,sic_or_unseried,373,0.9973262032085561,0,0,0.058981233243967826,139,0.0
ALAB.MX,sic_or_unseried,374,1.0,0,0,0.6497326203208557,12,174463.43701171875
ALB.MX,sic_or_unseried,374,1.0,0,0,0.49732620320855614,9,0.0
ALGN.MX,sic_or_unseried,373,0.9973262032085561,0,0,0.10991957104557641,64,0.0
ALNY.MX,sic_or_unseried,373,0.9973262032085561,0,0,0.013404825737265416,162,0.0
ALPEKA.MX,national,373,0.9973262032085561,0,0,1.0,1,12470885.333597183
ALSEA.MX,national,373,0.9973262032085561,0,0,1.0,1,57249784.26502991
AMAT.MX,sic_or_unseried,373,0.9973262032085561,0,0,0.8605898123324397,6,887250.0
AMD.MX,sic_or_unseried,374,1.0,0,0,1.0,0,15355459.078613281
AME.MX,sic_or_unseried,373,0.9973262032085561,0,0,0.02680965147453083,100,0.0
AMGN.MX,sic_or_unseried,373,0.9973262032085561,0,0,0.3002680965147453,22,0.0
AMKR.MX,sic_or_unseried,104,0.27807486631016043,391,0,0.15384615384615385,43,0.0
AMP.MX,sic_or_unseried,373,0.9973262032085561,0,0,0.1554959785522788,39,0.0
AMT.MX,sic_or_unseried,373,0.9973262032085561,0,0,0.2734584450402145,32,0.0
AMXB.MX,national,373,0.9973262032085561,0,0,1.0,1,963786883.953659
AMZN.MX,sic_or_unseried,374,1.0,0,0,1.0,0,53077570.893066406
ANB.MX,sic_or_unseried,373,0.9973262032085561,0,0,0.11528150134048257,41,0.0
ANET.MX,sic_or_unseried,374,1.0,0,0,0.8770053475935828,3,1011455.0
APA.MX,sic_or_unseried,373,0.9973262032085561,0,0,0.26005361930294907,23,0.0
APD.MX,sic_or_unseried,373,0.9973262032085561,0,0,0.04825737265415549,107,0.0
APH.MX,sic_or_unseried,373,0.9973262032085561,0,0,0.3941018766756032,37,0.0
APP.MX,sic_or_unseried,373,0.9973262032085561,0,0,0.8579088471849866,5,1539740.0
ARMK.MX,sic_or_unseried,373,0.9973262032085561,0,0,0.002680965147453083,301,0.0
ASTS.MX,sic_or_unseried,374,1.0,0,0,0.8663101604278075,7,982344.25
ASURB.MX,national,373,0.9973262032085561,0,0,1.0,0,194643366.00976562
ATI.MX,sic_or_unseried,165,0.4411764705882353,300,0,0.18787878787878787,38,0.0
ATO.MX,sic_or_unseried,239,0.6390374331550802,195,0,0.008368200836820083,222,0.0
AVB.MX,sic_or_unseried,373,0.9973262032085561,0,0,0.005361930294906166,248,0.0
AVGO.MX,sic_or_unseried,370,0.9893048128342246,0,0,1.0,1,19783382.02404785
AWK.MX,sic_or_unseried,373,0.9973262032085561,0,0,0.040214477211796246,167,0.0
AXON.MX,sic_or_unseried,313,0.8368983957219251,88,0,0.3514376996805112,22,0.0
AXP.MX,sic_or_unseried,374,1.0,0,0,0.9090909090909091,2,1132905.0
AXTELCPO.MX,national,373,0.9973262032085561,0,0,1.0,3,884369.8561787605
AZO.MX,sic_or_unseried,373,0.9973262032085561,0,0,0.18498659517426275,24,0.0
BA.MX,sic_or_unseried,373,0.9973262032085561,0,0,0.8820375335120644,3,395617.3330078125
BAC.MX,sic_or_unseried,373,0.9973262032085561,0,0,0.9651474530831099,1,606249.3587036133
BAX.MX,sic_or_unseried,373,0.9973262032085561,0,0,0.09651474530831099,49,0.0
BBAJIOO.MX,national,373,0.9973262032085561,0,0,1.0,1,87454051.08933258
BBVA.MX,sic_or_unseried,373,0.9973262032085561,0,0,1.0,1,1191942.1171875
BBY.MX,sic_or_unseried,373,0.9973262032085561,0,0,0.2734584450402145,22,0.0
BDX.MX,sic_or_unseried,373,0.9973262032085561,0,0,0.04825737265415549,66,0.0
BE.MX,sic_or_unseried,374,1.0,0,0,0.5721925133689839,22,163754.32263183594
BEN.MX,sic_or_unseried,373,0.9973262032085561,0,0,0.010723860589812333,105,0.0
BIIB.MX,sic_or_unseried,373,0.9973262032085561,0,0,0.20107238605898123,44,0.0
BIMBOA.MX,national,373,0.9973262032085561,0,0,1.0,1,98542995.36089325
BKNG.MX,sic_or_unseried,373,0.9973262032085561,0,0,0.3672922252010724,16,0.0
BKR.MX,sic_or_unseried,373,0.9973262032085561,0,0,0.1876675603217158,23,0.0
BLK.MX,sic_or_unseried,373,0.9973262032085561,0,0,0.47989276139410186,7,0.0
BMNR.MX,sic_or_unseried,200,0.5347593582887701,250,0,0.99,1,1110803.7299194336
BMRN.MX,sic_or_unseried,373,0.9973262032085561,0,0,0.07506702412868632,67,0.0
BMY.MX,sic_or_unseried,373,0.9973262032085561,0,0,0.5495978552278821,7,10021.0
BNS.MX,sic_or_unseried,373,0.9973262032085561,0,0,0.06970509383378017,92,0.0
BOLSAA.MX,national,373,0.9973262032085561,0,0,1.0,1,37688210.0
BRKB.MX,sic_or_unseried,374,1.0,0,0,0.9759358288770054,1,4007503.60546875
BRO.MX,sic_or_unseried,373,0.9973262032085561,0,0,0.2949061662198391,30,0.0
BSX.MX,sic_or_unseried,374,1.0,0,0,0.5962566844919787,8,49110.0
BURL.MX,sic_or_unseried,373,0.9973262032085561,0,0,0.03753351206434316,73,0.0
BWA.MX,sic_or_unseried,373,0.9973262032085561,0,0,0.021447721179624665,131,0.0
BWXT.MX,sic_or_unseried,373,0.9973262032085561,0,0,0.08310991957104558,149,0.0
BX.MX,sic_or_unseried,373,0.9973262032085561,0,0,0.4959785522788204,8,0.0
BXP.MX,sic_or_unseried,373,0.9973262032085561,0,0,0.002680965147453083,251,0.0
C.MX,sic_or_unseried,373,0.9973262032085561,0,0,0.9624664879356568,2,1310085.75
CAH.MX,sic_or_unseried,373,0.9973262032085561,0,0,0.1447721179624665,39,0.0
CARR.MX,sic_or_unseried,373,0.9973262032085561,0,0,0.11796246648793565,34,0.0
CASY.MX,sic_or_unseried,373,0.9973262032085561,0,0,0.013404825737265416,170,0.0
CAT.MX,sic_or_unseried,373,0.9973262032085561,0,0,0.7908847184986595,5,377480.3828125
CBOE.MX,sic_or_unseried,373,0.9973262032085561,0,0,0.06702412868632708,46,0.0
CBRE.MX,sic_or_unseried,373,0.9973262032085561,0,0,0.064343163538874,46,0.0
CDE.MX,sic_or_unseried,373,0.9973262032085561,0,0,0.42359249329758714,62,0.0
CDNS.MX,sic_or_unseried,373,0.9973262032085561,0,0,0.6032171581769437,5,88608.0
CDW.MX,sic_or_unseried,373,0.9973262032085561,0,0,0.01876675603217158,307,0.0
CEG.MX,sic_or_unseried,373,0.9973262032085561,0,0,0.8016085790884718,5,597525.0
CEMEXCPO.MX,national,373,0.9973262032085561,0,0,1.0,1,505476692.27644825
CF.MX,sic_or_unseried,373,0.9973262032085561,0,0,0.04825737265415549,150,0.0
CFG.MX,sic_or_unseried,373,0.9973262032085561,0,0,0.024128686327077747,147,0.0
CG.MX,sic_or_unseried,373,0.9973262032085561,0,0,0.09115281501340483,76,0.0
CHD.MX,sic_or_unseried,373,0.9973262032085561,0,0,0.12064343163538874,32,0.0
CHDRAUIB.MX,national,373,0.9973262032085561,0,0,1.0,1,64779127.16696167
CHRW.MX,sic_or_unseried,94,0.25133689839572193,406,0,0.0851063829787234,28,0.0
CHTR.MX,sic_or_unseried,374,1.0,0,0,0.26737967914438504,80,0.0
CI.MX,sic_or_unseried,373,0.9973262032085561,0,0,0.18230563002680966,46,0.0
CIEN.MX,sic_or_unseried,373,0.9973262032085561,0,0,0.4101876675603217,17,0.0
CL.MX,sic_or_unseried,373,0.9973262032085561,0,0,0.5093833780160858,8,8760.0
CLX.MX,sic_or_unseried,373,0.9973262032085561,0,0,0.19302949061662197,80,0.0
CMCSA.MX,sic_or_unseried,374,1.0,0,0,0.8582887700534759,4,96322.32788085938
CME.MX,sic_or_unseried,373,0.9973262032085561,0,0,0.21983914209115282,17,0.0
CMG.MX,sic_or_unseried,374,1.0,0,0,0.9759358288770054,1,639272.0
CMI.MX,sic_or_unseried,373,0.9973262032085561,0,0,0.05093833780160858,213,0.0
CNC.MX,sic_or_unseried,373,0.9973262032085561,0,0,0.5254691689008043,22,5980.0
COF.MX,sic_or_unseried,373,0.9973262032085561,0,0,0.289544235924933,15,0.0
COHR.MX,sic_or_unseried,93,0.24866310160427807,407,0,0.5376344086021505,21,34160.2001953125
COIN.MX,sic_or_unseried,374,1.0,0,0,0.9732620320855615,1,1974584.0
COO.MX,sic_or_unseried,373,0.9973262032085561,0,0,0.12332439678284182,34,0.0
COP.MX,sic_or_unseried,373,0.9973262032085561,0,0,0.5924932975871313,8,32400.0
COR.MX,sic_or_unseried,373,0.9973262032085561,0,0,0.05093833780160858,49,0.0
COST.MX,sic_or_unseried,374,1.0,0,0,0.9438502673796791,2,3803341.8125
CPNG.MX,sic_or_unseried,373,0.9973262032085561,0,0,0.546916890080429,25,10440.0
CPRT.MX,sic_or_unseried,373,0.9973262032085561,0,0,0.5120643431635389,17,3600.0
CR.MX,sic_or_unseried,1,0.00267379679144385,501,43,1.0,0,981502.5
CRCL.MX,sic_or_unseried,173,0.4625668449197861,217,0,1.0,1,358375.71533203125
CRL.MX,sic_or_unseried,373,0.9973262032085561,0,0,0.002680965147453083,229,0.0
CRM.MX,sic_or_unseried,374,1.0,0,0,0.9732620320855615,1,5551215.85534668
CRWD.MX,sic_or_unseried,374,1.0,0,0,0.893048128342246,3,908144.0478515625
CRWV.MX,sic_or_unseried,244,0.6524064171122995,189,0,0.9385245901639344,4,1292080.5
CSCO.MX,sic_or_unseried,373,0.9973262032085561,0,0,0.8016085790884718,5,101249.54956054688
CSX.MX,sic_or_unseried,373,0.9973262032085561,0,0,0.02680965147453083,171,0.0
CTAS.MX,sic_or_unseried,373,0.9973262032085561,0,0,0.08579088471849866,59,0.0
CTSH.MX,sic_or_unseried,373,0.9973262032085561,0,0,0.058981233243967826,186,0.0
CTVA.MX,sic_or_unseried,373,0.9973262032085561,0,0,0.040214477211796246,177,0.0
CUERVO.MX,national,373,0.9973262032085561,0,0,1.0,1,23487734.806892395
CVNA.MX,sic_or_unseried,374,1.0,0,0,0.516042780748663,13,36737.49938964844
CVS.MX,sic_or_unseried,373,0.9973262032085561,0,0,0.7989276139410187,6,69167.0
CVX.MX,sic_or_unseried,373,0.9973262032085561,0,0,0.8900804289544236,2,561440.0
D.MX,sic_or_unseried,373,0.9973262032085561,0,0,0.08847184986595175,82,0.0
DAL.MX,sic_or_unseried,374,1.0,0,0,0.839572192513369,3,214282.75
DANHOS13.MX,national,373,0.9973262032085561,0,0,1.0,2,6372498.9466667175
DASH.MX,sic_or_unseried,373,0.9973262032085561,0,0,0.3646112600536193,14,0.0
DD.MX,sic_or_unseried,374,1.0,0,0,0.07754010695187166,42,0.0
DDOG.MX,sic_or_unseried,374,1.0,0,0,0.5775401069518716,7,32217.5
DE.MX,sic_or_unseried,373,0.9973262032085561,0,0,0.2868632707774799,14,0.0
DELLC.MX,sic_or_unseried,374,1.0,0,0,0.9090909090909091,3,810806.615234375
DGG.MX,sic_or_unseried,373,0.9973262032085561,0,0,0.1742627345844504,39,0.0
DGX.MX,sic_or_unseried,373,0.9973262032085561,0,0,0.045576407506702415,66,0.0
DHI.MX,sic_or_unseried,373,0.9973262032085561,0,0,0.05361930294906166,49,0.0
DHR.MX,sic_or_unseried,373,0.9973262032085561,0,0,0.6085790884718498,7,90458.5
DIS.MX,sic_or_unseried,374,1.0,0,0,0.9866310160427807,1,1948289.546875
DKS.MX,sic_or_unseried,65,0.17379679144385027,448,0,0.015384615384615385,64,0.0
DLR.MX,sic_or_unseried,373,0.9973262032085561,0,0,0.07238605898123325,50,0.0
DLTR.MX,sic_or_unseried,373,0.9973262032085561,0,0,0.16890080428954424,29,0.0
DPZ.MX,sic_or_unseried,373,0.9973262032085561,0,0,0.5522788203753352,9,61652.36328125
DUK.MX,sic_or_unseried,373,0.9973262032085561,0,0,0.07506702412868632,70,0.0
DVA.MX,sic_or_unseried,373,0.9973262032085561,0,0,0.005361930294906166,254,0.0
DVN.MX,sic_or_unseried,373,0.9973262032085561,0,0,0.5737265415549598,11,6518.599853515625
DXCM.MX,sic_or_unseried,373,0.9973262032085561,0,0,0.16085790884718498,38,0.0
EA.MX,sic_or_unseried,373,0.9973262032085561,0,0,0.24128686327077747,47,0.0
EBAY.MX,sic_or_unseried,373,0.9973262032085561,0,0,0.3780160857908847,14,0.0
ECHO.MX,sic_or_unseried,42,0.11229946524064172,61,8,1.0,1,91200.0
ECL.MX,sic_or_unseried,373,0.9973262032085561,0,0,0.0777479892761394,69,0.0
EFX.MX,sic_or_unseried,373,0.9973262032085561,0,0,0.032171581769437,60,0.0
EHC.MX,sic_or_unseried,60,0.16042780748663102,459,0,0.0,59,0.0
EL.MX,sic_or_unseried,373,0.9973262032085561,0,0,0.6058981233243967,8,18139.110107421875
ELAN.MX,sic_or_unseried,373,0.9973262032085561,0,0,0.00804289544235925,138,0.0
ELV.MX,sic_or_unseried,373,0.9973262032085561,0,0,0.17158176943699732,31,0.0
EMR.MX,sic_or_unseried,373,0.9973262032085561,0,0,0.07238605898123325,37,0.0
ENTG.MX,sic_or_unseried,373,0.9973262032085561,0,0,0.029490616621983913,143,0.0
EOG.MX,sic_or_unseried,373,0.9973262032085561,0,0,0.26541554959785524,24,0.0
EQIX.MX,sic_or_unseried,373,0.9973262032085561,0,0,0.11796246648793565,31,0.0
EQR.MX,sic_or_unseried,373,0.9973262032085561,0,0,0.00804289544235925,254,0.0
EQT.MX,sic_or_unseried,373,0.9973262032085561,0,0,0.09651474530831099,39,0.0
ES.MX,sic_or_unseried,129,0.3449197860962567,354,0,0.007751937984496124,128,0.0
ETR.MX,sic_or_unseried,373,0.9973262032085561,0,0,0.08310991957104558,46,0.0
EVR.MX,sic_or_unseried,373,0.9973262032085561,0,0,0.01876675603217158,138,0.0
EW.MX,sic_or_unseried,373,0.9973262032085561,0,0,0.12332439678284182,32,0.0
EXC.MX,sic_or_unseried,373,0.9973262032085561,0,0,0.021447721179624665,204,0.0
EXE.MX,sic_or_unseried,374,1.0,0,0,0.040106951871657755,142,0.0
EXPD.MX,sic_or_unseried,373,0.9973262032085561,0,0,0.005361930294906166,222,0.0
EXPE.MX,sic_or_unseried,373,0.9973262032085561,0,0,0.2680965147453083,25,0.0
EXR.MX,sic_or_unseried,373,0.9973262032085561,0,0,0.00804289544235925,212,0.0
F.MX,sic_or_unseried,373,0.9973262032085561,0,0,0.9517426273458445,2,42798.64111328125
FANG.MX,sic_or_unseried,373,0.9973262032085561,0,0,0.16085790884718498,53,0.0
FAST.MX,sic_or_unseried,373,0.9973262032085561,0,0,0.03485254691689008,87,0.0
FCX.MX,sic_or_unseried,374,1.0,0,0,0.8021390374331551,7,154958.5
FDX.MX,sic_or_unseried,374,1.0,0,0,0.5588235294117647,10,39787.0
FDXF.MX,sic_or_unseried,18,0.0481283422459893,519,0,0.3888888888888889,4,0.0
FE.MX,sic_or_unseried,373,0.9973262032085561,0,0,0.005361930294906166,198,0.0
FEMSAUBD.MX,national,373,0.9973262032085561,0,0,1.0,0,410883068.0404358
FFIV.MX,sic_or_unseried,373,0.9973262032085561,0,0,0.0160857908847185,133,0.0
FIBRAPL14.MX,national,374,1.0,0,0,1.0,1,79514956.66096497
FIHO12.MX,national,373,0.9973262032085561,0,0,1.0,2,222201.4280052185
FIS.MX,sic_or_unseried,373,0.9973262032085561,0,0,0.15281501340482573,23,0.0
FISV.MX,sic_or_unseried,373,0.9973262032085561,0,0,0.6005361930294906,23,31437.3603515625
FIVE.MX,sic_or_unseried,373,0.9973262032085561,0,0,0.032171581769437,104,0.0
FIX.MX,sic_or_unseried,146,0.39037433155080214,328,0,0.21232876712328766,24,0.0
FMTY14.MX,national,373,0.9973262032085561,0,0,1.0,1,23437954.202903748
FRES.MX,sic_or_unseried,373,0.9973262032085561,0,0,0.4289544235924933,19,0.0
FSLR.MX,sic_or_unseried,373,0.9973262032085561,0,0,0.8150134048257373,4,465450.0
FTNT.MX,sic_or_unseried,373,0.9973262032085561,0,0,0.8176943699731903,6,240360.0
FUNO11.MX,national,373,0.9973262032085561,0,0,1.0,2,123693167.05856323
GAPB.MX,national,373,0.9973262032085561,0,0,1.0,1,306660020.0
GCARSOA1.MX,national,373,0.9973262032085561,0,0,1.0,1,36781888.65519714
GCC.MX,national,373,0.9973262032085561,0,0,1.0,0,52759285.24206543
GD.MX,sic_or_unseried,373,0.9973262032085561,0,0,0.09919571045576407,95,0.0
GDDY.MX,sic_or_unseried,373,0.9973262032085561,0,0,0.16085790884718498,59,0.0
GE.MX,sic_or_unseried,373,0.9973262032085561,0,0,0.7721179624664879,5,202360.4072265625
GEHC.MX,sic_or_unseried,373,0.9973262032085561,0,0,0.24128686327077747,26,0.0
GENTERA.MX,national,373,0.9973262032085561,0,0,1.0,0,127564711.83519363
GEV.MX,sic_or_unseried,374,1.0,0,0,0.7941176470588235,4,631025.9921875
GFINBURO.MX,national,373,0.9973262032085561,0,0,1.0,0,67437147.450943
GFNORTEO.MX,national,373,0.9973262032085561,0,0,1.0,0,1040187215.7041931
GH.MX,sic_or_unseried,373,0.9973262032085561,0,0,0.024128686327077747,104,0.0
GILD.MX,sic_or_unseried,373,0.9973262032085561,0,0,0.32707774798927614,16,0.0
GIS.MX,sic_or_unseried,373,0.9973262032085561,0,0,0.5924932975871313,12,11127.179626464844
GLW.MX,sic_or_unseried,373,0.9973262032085561,0,0,0.3941018766756032,40,0.0
GM.MX,sic_or_unseried,374,1.0,0,0,0.7887700534759359,3,88345.74963378906
GMEXICOB.MX,national,373,0.9973262032085561,0,0,1.0,1,739945736.5080719
GNRC.MX,sic_or_unseried,373,0.9973262032085561,0,0,0.09115281501340483,41,0.0
GOOG.MX,sic_or_unseried,374,1.0,0,0,0.9946524064171123,1,10941310.885742188
GOOGL.MX,sic_or_unseried,374,1.0,0,0,1.0,0,27565325.423583984
GPC.MX,sic_or_unseried,373,0.9973262032085561,0,0,0.002680965147453083,217,0.0
GPN.MX,sic_or_unseried,373,0.9973262032085561,0,0,0.2359249329758713,25,0.0
GRUMAB.MX,national,373,0.9973262032085561,0,0,1.0,1,136323040.76190186
GS.MX,sic_or_unseried,373,0.9973262032085561,0,0,0.7774798927613941,3,447950.0
GWRE.MX,sic_or_unseried,373,0.9973262032085561,0,0,0.045576407506702415,60,0.0
GWW.MX,sic_or_unseried,373,0.9973262032085561,0,0,0.005361930294906166,319,0.0
HAL.MX,sic_or_unseried,373,0.9973262032085561,0,0,0.546916890080429,9,4152.0
HAS.MX,sic_or_unseried,373,0.9973262032085561,0,0,0.05361930294906166,61,0.0
HBAN.MX,sic_or_unseried,373,0.9973262032085561,0,0,0.02680965147453083,107,0.0
HCA.MX,sic_or_unseried,373,0.9973262032085561,0,0,0.225201072386059,18,0.0
HD.MX,sic_or_unseried,373,0.9973262032085561,0,0,0.7908847184986595,5,495000.0
HIG.MX,sic_or_unseried,373,0.9973262032085561,0,0,0.002680965147453083,338,0.0
HII.MX,sic_or_unseried,115,0.3074866310160428,376,0,0.034782608695652174,49,0.0
HLT.MX,sic_or_unseried,373,0.9973262032085561,0,0,0.03485254691689008,128,0.0
HON.MX,sic_or_unseried,374,1.0,0,0,0.37967914438502676,12,0.0
HOOD.MX,sic_or_unseried,374,1.0,0,0,0.9866310160427807,1,3420521.6119384766
HPE.MX,sic_or_unseried,373,0.9973262032085561,0,0,0.48257372654155495,15,0.0
HPQ.MX,sic_or_unseried,373,0.9973262032085561,0,0,0.6836461126005362,12,16162.650299072266
HRL.MX,sic_or_unseried,373,0.9973262032085561,0,0,0.02680965147453083,177,0.0
HST.MX,sic_or_unseried,373,0.9973262032085561,0,0,0.0160857908847185,285,0.0
HSY.MX,sic_or_unseried,373,0.9973262032085561,0,0,0.23324396782841822,28,0.0
HUBB.MX,sic_or_unseried,373,0.9973262032085561,0,0,0.021447721179624665,131,0.0
HUBS.MX,sic_or_unseried,373,0.9973262032085561,0,0,0.1742627345844504,33,0.0
HUM.MX,sic_or_unseried,373,0.9973262032085561,0,0,0.32439678284182305,14,0.0
HWM.MX,sic_or_unseried,373,0.9973262032085561,0,0,0.4691689008042895,16,0.0
IBKR.MX,sic_or_unseried,373,0.9973262032085561,0,0,0.22788203753351208,32,0.0
IBM.MX,sic_or_unseried,373,0.9973262032085561,0,0,0.7024128686327078,6,168179.5458984375
ICE.MX,sic_or_unseried,373,0.9973262032085561,0,0,0.19839142091152814,18,0.0
IDXX.MX,sic_or_unseried,373,0.9973262032085561,0,0,0.2734584450402145,18,0.0
ILMN.MX,sic_or_unseried,373,0.9973262032085561,0,0,0.1581769436997319,21,0.0
INCY.MX,sic_or_unseried,373,0.9973262032085561,0,0,0.08847184986595175,45,0.0
INSM.MX,sic_or_unseried,373,0.9973262032085561,0,0,0.00804289544235925,139,0.0
INTC.MX,sic_or_unseried,374,1.0,0,0,0.9973262032085561,1,4806132.873428345
INTU.MX,sic_or_unseried,374,1.0,0,0,0.6684491978609626,7,554756.703125
INVH.MX,sic_or_unseried,373,0.9973262032085561,0,0,0.005361930294906166,322,0.0
IONQ.MX,sic_or_unseried,344,0.9197860962566845,0,0,1.0,1,499128.6335449219
IOT.MX,sic_or_unseried,373,0.9973262032085561,0,0,0.12332439678284182,41,0.0
IP.MX,sic_or_unseried,373,0.9973262032085561,0,0,0.00804289544235925,170,0.0
ISRG.MX,sic_or_unseried,373,0.9973262032085561,0,0,0.6246648793565683,7,169320.0
ITT.MX,sic_or_unseried,1,0.00267379679144385,490,54,1.0,0,2152800.0
J.MX,sic_or_unseried,181,0.4839572192513369,278,0,0.022099447513812154,139,0.0
JBHT.MX,sic_or_unseried,373,0.9973262032085561,0,0,0.029490616621983913,147,0.0
JBL.MX,sic_or_unseried,373,0.9973262032085561,0,0,0.0777479892761394,122,0.0
JNJ.MX,sic_or_unseried,374,1.0,0,0,0.9144385026737968,2,430654.0
JPM.MX,sic_or_unseried,373,0.9973262032085561,0,0,0.938337801608579,2,1499472.0
KEYS.MX,sic_or_unseried,373,0.9973262032085561,0,0,0.08579088471849866,55,0.0
KHC.MX,sic_or_unseried,373,0.9973262032085561,0,0,0.7292225201072386,6,23595.0
KIM.MX,sic_or_unseried,373,0.9973262032085561,0,0,0.021447721179624665,121,0.0
KIMBERA.MX,national,373,0.9973262032085561,0,0,1.0,1,133037801.31880188
KKRC.MX,sic_or_unseried,373,0.9973262032085561,0,0,0.3109919571045576,39,0.0
KLAC.MX,sic_or_unseried,374,1.0,0,0,0.26737967914438504,25,0.0
KMB.MX,sic_or_unseried,374,1.0,0,0,0.31016042780748665,65,0.0
KMI.MX,sic_or_unseried,373,0.9973262032085561,0,0,0.2975871313672922,16,0.0
KO.MX,sic_or_unseried,373,0.9973262032085561,0,0,0.9919571045576407,1,741076.0
KOFUBL.MX,national,373,0.9973262032085561,0,0,1.0,0,107465315.01008606
KR.MX,sic_or_unseried,373,0.9973262032085561,0,0,0.14209115281501342,25,0.0
KVUE.MX,sic_or_unseried,373,0.9973262032085561,0,0,0.3324396782841823,112,0.0
L.MX,sic_or_unseried,373,0.9973262032085561,0,0,0.10991957104557641,62,0.0
LABB.MX,national,373,0.9973262032085561,0,0,1.0,1,58767933.75
LACOMERUBC.MX,national,374,1.0,0,0,1.0,1,24708474.46229744
LDOS.MX,sic_or_unseried,373,0.9973262032085561,0,0,0.0777479892761394,64,0.0
LECO.MX,sic_or_unseried,373,0.9973262032085561,0,0,0.00804289544235925,254,0.0
LEN.MX,sic_or_unseried,373,0.9973262032085561,0,0,0.38337801608579086,15,0.0
LH.MX,sic_or_unseried,373,0.9973262032085561,0,0,0.03753351206434316,99,0.0
LHX.MX,sic_or_unseried,373,0.9973262032085561,0,0,0.08847184986595175,115,0.0
LII.MX,sic_or_unseried,373,0.9973262032085561,0,0,0.005361930294906166,174,0.0
LITE.MX,sic_or_unseried,374,1.0,0,0,0.4037433155080214,65,0.0
LIVEPOLC-1.MX,national,373,0.9973262032085561,0,0,1.0,1,18954978.862548828
LLY.MX,sic_or_unseried,374,1.0,0,0,0.9518716577540107,1,6054788.478515625
LMT.MX,sic_or_unseried,373,0.9973262032085561,0,0,0.5549597855227882,10,87080.0
LNG.MX,sic_or_unseried,373,0.9973262032085561,0,0,0.16890080428954424,23,0.0
LOW.MX,sic_or_unseried,373,0.9973262032085561,0,0,0.3324396782841823,30,0.0
LPLA.MX,sic_or_unseried,373,0.9973262032085561,0,0,0.010723860589812333,271,0.0
LRCX.MX,sic_or_unseried,374,1.0,0,0,0.6336898395721925,11,71622.5
LULU.MX,sic_or_unseried,374,1.0,0,0,0.9278074866310161,4,1906609.0
LUV.MX,sic_or_unseried,373,0.9973262032085561,0,0,0.3967828418230563,14,0.0
LVS.MX,sic_or_unseried,373,0.9973262032085561,0,0,0.4101876675603217,29,0.0
LYV.MX,sic_or_unseried,373,0.9973262032085561,0,0,0.0777479892761394,100,0.0
MA.MX,sic_or_unseried,373,0.9973262032085561,0,0,0.9088471849865952,2,2456925.0
MAR.MX,sic_or_unseried,373,0.9973262032085561,0,0,0.15013404825737264,33,0.0
MCD.MX,sic_or_unseried,373,0.9973262032085561,0,0,0.7587131367292225,5,293374.0
MCHP.MX,sic_or_unseried,373,0.9973262032085561,0,0,0.3109919571045576,18,0.0
MCK.MX,sic_or_unseried,373,0.9973262032085561,0,0,0.09919571045576407,66,0.0
MCO.MX,sic_or_unseried,373,0.9973262032085561,0,0,0.1260053619302949,33,0.0
MDB.MX,sic_or_unseried,373,0.9973262032085561,0,0,0.4316353887399464,10,0.0
MDLZ.MX,sic_or_unseried,373,0.9973262032085561,0,0,0.5254691689008043,16,6135.0
MEDP.MX,sic_or_unseried,373,0.9973262032085561,0,0,0.01876675603217158,206,0.0
MEGACPO.MX,national,373,0.9973262032085561,0,0,1.0,1,39985226.22576904
MET.MX,sic_or_unseried,373,0.9973262032085561,0,0,0.2037533512064343,18,0.0
META.MX,sic_or_unseried,374,1.0,0,0,0.9919786096256684,1,37651669.296875
MGM.MX,sic_or_unseried,373,0.9973262032085561,0,0,0.5710455764075067,11,6712.5
MKC.MX,sic_or_unseried,373,0.9973262032085561,0,0,0.12064343163538874,97,0.0
MKL.MX,sic_or_unseried,373,0.9973262032085561,0,0,0.03753351206434316,87,0.0
MKSI.MX,sic_or_unseried,373,0.9973262032085561,0,0,0.05093833780160858,131,0.0
MLI.MX,sic_or_unseried,162,0.43315508021390375,305,0,0.037037037037037035,39,0.0
MLM.MX,sic_or_unseried,373,0.9973262032085561,0,0,0.12064343163538874,49,0.0
MMM.MX,sic_or_unseried,373,0.9973262032085561,0,0,0.3806970509383378,16,0.0
MNST.MX,sic_or_unseried,373,0.9973262032085561,0,0,0.3512064343163539,13,0.0
MO.MX,sic_or_unseried,373,0.9973262032085561,0,0,0.4691689008042895,9,0.0
MPC.MX,sic_or_unseried,374,1.0,0,0,0.08021390374331551,104,0.0
MPWR.MX,sic_or_unseried,373,0.9973262032085561,0,0,0.1581769436997319,54,0.0
MRK.MX,sic_or_unseried,373,0.9973262032085561,0,0,0.9517426273458445,2,848395.9560546875
MRNA.MX,sic_or_unseried,374,1.0,0,0,0.9705882352941176,1,543526.5
MRSH.MX,sic_or_unseried,373,0.9973262032085561,0,0,0.0777479892761394,47,0.0
MS.MX,sic_or_unseried,373,0.9973262032085561,0,0,0.5576407506702413,6,42003.0
MSCI.MX,sic_or_unseried,373,0.9973262032085561,0,0,0.26005361930294907,21,0.0
MSFT.MX,sic_or_unseried,374,1.0,0,0,0.9919786096256684,1,46437940.244140625
MSI.MX,sic_or_unseried,373,0.9973262032085561,0,0,0.0777479892761394,29,0.0
MSTR.MX,sic_or_unseried,374,1.0,0,0,0.9946524064171123,1,8577942.5
MTB.MX,sic_or_unseried,373,0.9973262032085561,0,0,0.09115281501340483,54,0.0
MTD.MX,sic_or_unseried,373,0.9973262032085561,0,0,0.1260053619302949,26,0.0
MU.MX,sic_or_unseried,374,1.0,0,0,0.9946524064171123,1,11279953.489013672
NBIX.MX,sic_or_unseried,39,0.10427807486631016,490,0,0.20512820512820512,26,0.0
NDAQ.MX,sic_or_unseried,374,1.0,0,0,0.36363636363636365,22,0.0
NEE.MX,sic_or_unseried,373,0.9973262032085561,0,0,0.7828418230563002,5,287245.0
NEM.MX,sic_or_unseried,373,0.9973262032085561,0,0,0.7721179624664879,6,252630.0
NEMAKA.MX,national,373,0.9973262032085561,0,0,1.0,2,5796097.971831799
NET.MX,sic_or_unseried,373,0.9973262032085561,0,0,0.6300268096514745,9,110016.0
NFLX.MX,sic_or_unseried,374,1.0,0,0,0.9866310160427807,2,11689141.506347656
NKE.MX,sic_or_unseried,374,1.0,0,0,1.0,1,2036334.0162353516
NOC.MX,sic_or_unseried,373,0.9973262032085561,0,0,0.16353887399463807,34,0.0
NOWW.MX,sic_or_unseried,374,1.0,0,0,0.7914438502673797,5,1173858.047302246
NRG.MX,sic_or_unseried,373,0.9973262032085561,0,0,0.15013404825737264,97,0.0
NSC.MX,sic_or_unseried,373,0.9973262032085561,0,0,0.010723860589812333,138,0.0
NTAP.MX,sic_or_unseried,373,0.9973262032085561,0,0,0.024128686327077747,144,0.0
NTNX.MX,sic_or_unseried,230,0.6149732620320856,208,0,0.14347826086956522,38,0.0
NUE.MX,sic_or_unseried,373,0.9973262032085561,0,0,0.12332439678284182,34,0.0
NVDA.MX,sic_or_unseried,374,1.0,0,0,1.0,0,93140418.65283203
NVR.MX,sic_or_unseried,373,0.9973262032085561,0,0,0.010723860589812333,235,0.0
O.MX,sic_or_unseried,373,0.9973262032085561,0,0,0.7238605898123325,5,24150.0
ODFL.MX,sic_or_unseried,373,0.9973262032085561,0,0,0.36193029490616624,13,0.0
OHI.MX,sic_or_unseried,135,0.3609625668449198,343,0,0.02962962962962963,92,0.0
OKE.MX,sic_or_unseried,287,0.767379679144385,127,0,0.06620209059233449,44,0.0
OKTA.MX,sic_or_unseried,373,0.9973262032085561,0,0,0.38605898123324395,21,0.0
OMAB.MX,national,373,0.9973262032085561,0,0,1.0,0,154635876.0126953
ON.MX,sic_or_unseried,373,0.9973262032085561,0,0,0.4584450402144772,15,0.0
ONTO.MX,sic_or_unseried,373,0.9973262032085561,0,0,0.0777479892761394,61,0.0
ORBIA.MX,national,373,0.9973262032085561,0,0,1.0,1,34771637.93121338
ORCL.MX,sic_or_unseried,374,1.0,0,0,0.9812834224598931,1,9832770.598144531
ORLY.MX,sic_or_unseried,373,0.9973262032085561,0,0,0.1554959785522788,37,0.0
OTIS.MX,sic_or_unseried,373,0.9973262032085561,0,0,0.10187667560321716,50,0.0
PANW.MX,sic_or_unseried,374,1.0,0,0,0.9090909090909091,2,1514035.0
PAYX.MX,sic_or_unseried,373,0.9973262032085561,0,0,0.010723860589812333,186,0.0
PCAR.MX,sic_or_unseried,1,0.00267379679144385,497,47,1.0,0,99118.5
PCG.MX,sic_or_unseried,373,0.9973262032085561,0,0,0.16890080428954424,38,0.0
PEG.MX,sic_or_unseried,373,0.9973262032085561,0,0,0.032171581769437,123,0.0
PEN.MX,sic_or_unseried,373,0.9973262032085561,0,0,0.002680965147453083,215,0.0
PEP.MX,sic_or_unseried,374,1.0,0,0,0.9652406417112299,1,1101000.0357666016
PFE.MX,sic_or_unseried,374,1.0,0,0,0.9973262032085561,1,886027.3995361328
PG.MX,sic_or_unseried,374,1.0,0,0,0.9385026737967914,2,548528.5810546875
PGR.MX,sic_or_unseried,373,0.9973262032085561,0,0,0.5898123324396782,7,133920.0
PH.MX,sic_or_unseried,373,0.9973262032085561,0,0,0.02680965147453083,133,0.0
PHM.MX,sic_or_unseried,373,0.9973262032085561,0,0,0.10455764075067024,86,0.0
PINFRA.MX,national,373,0.9973262032085561,0,0,1.0,0,71330711.95329285
PINS.MX,sic_or_unseried,373,0.9973262032085561,0,0,0.9061662198391421,3,200900.0
PKG.MX,sic_or_unseried,373,0.9973262032085561,0,0,0.045576407506702415,104,0.0
PLD.MX,sic_or_unseried,373,0.9973262032085561,0,0,0.42091152815013405,8,0.0
PLTR.MX,sic_or_unseried,374,1.0,0,0,1.0,1,9890098.806396484
PM.MX,sic_or_unseried,373,0.9973262032085561,0,0,0.2975871313672922,18,0.0
PNC.MX,sic_or_unseried,373,0.9973262032085561,0,0,0.06166219839142091,70,0.0
PODD.MX,sic_or_unseried,373,0.9973262032085561,0,0,0.029490616621983913,114,0.0
PPG.MX,sic_or_unseried,373,0.9973262032085561,0,0,0.0160857908847185,182,0.0
PPLC.MX,sic_or_unseried,154,0.4117647058823529,315,0,0.025974025974025976,72,0.0
PR.MX,sic_or_unseried,373,0.9973262032085561,0,0,0.10991957104557641,55,0.0
PRU.MX,sic_or_unseried,373,0.9973262032085561,0,0,0.040214477211796246,102,0.0
PSA.MX,sic_or_unseried,373,0.9973262032085561,0,0,0.10991957104557641,33,0.0
PSX.MX,sic_or_unseried,373,0.9973262032085561,0,0,0.010723860589812333,200,0.0
PTC.MX,sic_or_unseried,373,0.9973262032085561,0,0,0.07238605898123325,41,0.0
PWR.MX,sic_or_unseried,373,0.9973262032085561,0,0,0.16353887399463807,29,0.0
PYPL.MX,sic_or_unseried,374,1.0,0,0,0.9973262032085561,1,1513593.0388183594
Q.MX,national,373,0.9973262032085561,0,0,1.0,1,127160772.83233643
QCOM.MX,sic_or_unseried,374,1.0,0,0,0.9572192513368984,2,1272902.0
RA.MX,national,373,0.9973262032085561,0,0,1.0,0,84086693.25796509
RBLX.MX,sic_or_unseried,374,1.0,0,0,0.7299465240641712,9,73790.0
RBRK.MX,sic_or_unseried,374,1.0,0,0,0.3716577540106952,80,0.0
RCL.MX,sic_or_unseried,374,1.0,0,0,0.679144385026738,5,149820.0
RDDT.MX,sic_or_unseried,374,1.0,0,0,0.7807486631016043,4,149799.5
REGN.MX,sic_or_unseried,373,0.9973262032085561,0,0,0.2868632707774799,33,0.0
RF.MX,sic_or_unseried,373,0.9973262032085561,0,0,0.013404825737265416,188,0.0
RGLD.MX,sic_or_unseried,373,0.9973262032085561,0,0,0.08847184986595175,140,0.0
RIVN.MX,sic_or_unseried,374,1.0,0,0,0.9919786096256684,1,548948.7694702148
RKLB.MX,sic_or_unseried,263,0.7032085561497327,4,0,0.9847908745247148,1,797880.0
RKT.MX,sic_or_unseried,373,0.9973262032085561,0,0,0.10723860589812333,68,0.0
RMD.MX,sic_or_unseried,373,0.9973262032085561,0,0,0.040214477211796246,70,0.0
ROK.MX,sic_or_unseried,373,0.9973262032085561,0,0,0.05361930294906166,80,0.0
ROKU.MX,sic_or_unseried,373,0.9973262032085561,0,0,0.6112600536193029,7,24352.5
ROL.MX,sic_or_unseried,373,0.9973262032085561,0,0,0.04825737265415549,43,0.0
ROST.MX,sic_or_unseried,373,0.9973262032085561,0,0,0.19571045576407506,28,0.0
RRX.MX,sic_or_unseried,373,0.9973262032085561,0,0,0.013404825737265416,154,0.0
RSGA.MX,sic_or_unseried,373,0.9973262032085561,0,0,0.064343163538874,69,0.0
RTX.MX,sic_or_unseried,373,0.9973262032085561,0,0,0.3699731903485255,23,0.0
SAIA.MX,sic_or_unseried,373,0.9973262032085561,0,0,0.040214477211796246,107,0.0
SBAC.MX,sic_or_unseried,373,0.9973262032085561,0,0,0.02680965147453083,122,0.0
SBUX.MX,sic_or_unseried,374,1.0,0,0,0.946524064171123,2,433918.6887207031
SCCO.MX,sic_or_unseried,374,1.0,0,0,0.18181818181818182,66,0.0
SCHW.MX,sic_or_unseried,373,0.9973262032085561,0,0,0.3646112600536193,11,0.0
SCI.MX,sic_or_unseried,373,0.9973262032085561,0,0,0.005361930294906166,283,0.0
SHW.MX,sic_or_unseried,373,0.9973262032085561,0,0,0.3806970509383378,13,0.0
SITM.MX,sic_or_unseried,123,0.32887700534759357,363,0,0.17073170731707318,23,0.0
SJM.MX,sic_or_unseried,373,0.9973262032085561,0,0,0.013404825737265416,214,0.0
SMCI.MX,sic_or_unseried,374,1.0,0,0,1.0,0,3411516.5252075195
SNOW.MX,sic_or_unseried,374,1.0,0,0,0.8529411764705882,3,758410.9541015625
SNPS.MX,sic_or_unseried,373,0.9973262032085561,0,0,0.38605898123324395,18,0.0
SO.MX,sic_or_unseried,373,0.9973262032085561,0,0,0.11528150134048257,34,0.0
SOFI.MX,sic_or_unseried,374,1.0,0,0,0.9973262032085561,1,1879612.4757385254
SOLV.MX,sic_or_unseried,373,0.9973262032085561,0,0,0.08579088471849866,64,0.0
SPG.MX,sic_or_unseried,373,0.9973262032085561,0,0,0.15281501340482573,33,0.0
SPGI.MX,sic_or_unseried,373,0.9973262032085561,0,0,0.5495978552278821,8,77300.0
SRE.MX,sic_or_unseried,373,0.9973262032085561,0,0,0.1742627345844504,27,0.0
SSNC.MX,sic_or_unseried,373,0.9973262032085561,0,0,0.04825737265415549,135,0.0
STLD.MX,sic_or_unseried,374,1.0,0,0,0.18716577540106952,36,0.0
STT.MX,sic_or_unseried,373,0.9973262032085561,0,0,0.024128686327077747,135,0.0
STZ.MX,sic_or_unseried,374,1.0,0,0,0.8342245989304813,4,408870.0
SUI.MX,sic_or_unseried,373,0.9973262032085561,0,0,0.013404825737265416,162,0.0
SWK.MX,sic_or_unseried,373,0.9973262032085561,0,0,0.07506702412868632,64,0.0
SYF.MX,sic_or_unseried,373,0.9973262032085561,0,0,0.04825737265415549,59,0.0
SYK.MX,sic_or_unseried,373,0.9973262032085561,0,0,0.24664879356568364,18,0.0
SYY.MX,sic_or_unseried,373,0.9973262032085561,0,0,0.02680965147453083,109,0.0
T.MX,sic_or_unseried,373,0.9973262032085561,0,0,0.9088471849865952,2,50196.0
TDG.MX,sic_or_unseried,373,0.9973262032085561,0,0,0.18230563002680966,47,0.0
TDY.MX,sic_or_unseried,373,0.9973262032085561,0,0,0.005361930294906166,290,0.0
TEAM.MX,sic_or_unseried,373,0.9973262032085561,0,0,0.30294906166219837,30,0.0
TER.MX,sic_or_unseried,373,0.9973262032085561,0,0,0.49865951742627346,14,0.0
TFC.MX,sic_or_unseried,373,0.9973262032085561,0,0,0.029490616621983913,142,0.0
TGT.MX,sic_or_unseried,373,0.9973262032085561,0,0,0.935656836461126,3,695565.0
THC.MX,sic_or_unseried,373,0.9973262032085561,0,0,0.040214477211796246,150,0.0
TJX.MX,sic_or_unseried,373,0.9973262032085561,0,0,0.5656836461126006,8,26800.0
TMO.MX,sic_or_unseried,374,1.0,0,0,0.6122994652406417,6,138131.79833984375
TMUS.MX,sic_or_unseried,374,1.0,0,0,0.5481283422459893,9,40352.9853515625
TOL.MX,sic_or_unseried,28,0.0748663101604278,36,5,1.0,0,530397.5756835938
TOST.MX,sic_or_unseried,373,0.9973262032085561,0,0,0.28150134048257375,51,0.0
TPL.MX,sic_or_unseried,1,0.00267379679144385,466,78,1.0,0,49861.0
TPR.MX,sic_or_unseried,373,0.9973262032085561,0,0,0.021447721179624665,107,0.0
TRGP.MX,sic_or_unseried,373,0.9973262032085561,0,0,0.05093833780160858,93,0.0
TRMB.MX,sic_or_unseried,373,0.9973262032085561,0,0,0.013404825737265416,189,0.0
TROW.MX,sic_or_unseried,373,0.9973262032085561,0,0,0.04825737265415549,63,0.0
TRV.MX,sic_or_unseried,373,0.9973262032085561,0,0,0.04825737265415549,101,0.0
TS.MX,sic_or_unseried,373,0.9973262032085561,0,0,0.03753351206434316,138,0.0
TSLA.MX,sic_or_unseried,374,1.0,0,0,1.0,0,30371803.73486328
TSN.MX,sic_or_unseried,373,0.9973262032085561,0,0,0.3485254691689008,31,0.0
TTMI.MX,sic_or_unseried,65,0.17379679144385027,448,0,0.18461538461538463,10,0.0
TTWO.MX,sic_or_unseried,373,0.9973262032085561,0,0,0.6487935656836461,6,88200.0
TWLO.MX,sic_or_unseried,373,0.9973262032085561,0,0,0.4316353887399464,15,0.0
TXN.MX,sic_or_unseried,373,0.9973262032085561,0,0,0.5495978552278821,10,40896.1201171875
TXRH.MX,sic_or_unseried,308,0.8235294117647058,95,0,0.022727272727272728,112,0.0
TXT.MX,sic_or_unseried,373,0.9973262032085561,0,0,0.040214477211796246,103,0.0
TYL.MX,sic_or_unseried,373,0.9973262032085561,0,0,0.0,372,0.0
U.MX,sic_or_unseried,374,1.0,0,0,0.606951871657754,10,6496.530120849609
UAL.MX,sic_or_unseried,373,0.9973262032085561,0,0,0.7667560321715817,5,180540.0
UBER.MX,sic_or_unseried,374,1.0,0,0,0.9893048128342246,1,3929120.2104492188
ULTA.MX,sic_or_unseried,373,0.9973262032085561,0,0,0.26541554959785524,24,0.0
UNH.MX,sic_or_unseried,374,1.0,0,0,0.9812834224598931,1,8421768.251220703
UNP.MX,sic_or_unseried,373,0.9973262032085561,0,0,0.22788203753351208,24,0.0
UPS.MX,sic_or_unseried,373,0.9973262032085561,0,0,0.8337801608579088,3,205239.0
URI.MX,sic_or_unseried,373,0.9973262032085561,0,0,0.09651474530831099,62,0.0
USB.MX,sic_or_unseried,373,0.9973262032085561,0,0,0.13941018766756033,39,0.0
USFD.MX,sic_or_unseried,373,0.9973262032085561,0,0,0.005361930294906166,330,0.0
UTHR.MX,sic_or_unseried,8,0.0213903743315508,56,6,1.0,0,380200.515625
V.MX,sic_or_unseried,374,1.0,0,0,0.9572192513368984,2,6181028.546875
VEEV.MX,sic_or_unseried,373,0.9973262032085561,0,0,0.24128686327077747,21,0.0
VESTA.MX,national,373,0.9973262032085561,0,0,1.0,1,100168110.9289856
VG.MX,sic_or_unseried,155,0.4144385026737968,314,0,0.14838709677419354,51,0.0
VICI.MX,sic_or_unseried,373,0.9973262032085561,0,0,0.4691689008042895,14,0.0
VLO.MX,sic_or_unseried,373,0.9973262032085561,0,0,0.3002680965147453,17,0.0
VLTO.MX,sic_or_unseried,373,0.9973262032085561,0,0,0.07238605898123325,88,0.0
VMC.MX,sic_or_unseried,373,0.9973262032085561,0,0,0.06166219839142091,66,0.0
VOLARA.MX,national,373,0.9973262032085561,0,0,1.0,1,28437227.87890625
VRSK.MX,sic_or_unseried,373,0.9973262032085561,0,0,0.0777479892761394,44,0.0
VRSN.MX,sic_or_unseried,373,0.9973262032085561,0,0,0.04825737265415549,115,0.0
VRT.MX,sic_or_unseried,336,0.8983957219251337,0,0,1.0,1,1142126.25
VRTX.MX,sic_or_unseried,373,0.9973262032085561,0,0,0.3646112600536193,13,0.0
VST.MX,sic_or_unseried,374,1.0,0,0,0.9037433155080213,2,788068.4729003906
VTR.MX,sic_or_unseried,373,0.9973262032085561,0,0,0.029490616621983913,112,0.0
VTRS.MX,sic_or_unseried,57,0.15240641711229946,22,15,1.0,2,19455.999755859375
VZ.MX,sic_or_unseried,373,0.9973262032085561,0,0,0.8418230563002681,4,67228.0
W.MX,sic_or_unseried,373,0.9973262032085561,0,0,0.07506702412868632,75,0.0
WAB.MX,sic_or_unseried,373,0.9973262032085561,0,0,0.06702412868632708,53,0.0
WALMEX.MX,national,373,0.9973262032085561,0,0,1.0,1,1329627823.0737305
WAT.MX,sic_or_unseried,373,0.9973262032085561,0,0,0.19839142091152814,22,0.0
WBD.MX,sic_or_unseried,373,0.9973262032085561,0,0,0.7560321715817694,10,14568.299560546875
WDAY.MX,sic_or_unseried,373,0.9973262032085561,0,0,0.2359249329758713,41,0.0
WDC.MX,sic_or_unseried,374,1.0,0,0,0.56951871657754,16,145610.17578125
WELL.MX,sic_or_unseried,373,0.9973262032085561,0,0,0.10991957104557641,53,0.0
WFC.MX,sic_or_unseried,374,1.0,0,0,0.8556149732620321,4,381357.0
WMB.MX,sic_or_unseried,373,0.9973262032085561,0,0,0.029490616621983913,107,0.0
WMI.MX,sic_or_unseried,373,0.9973262032085561,0,0,0.3753351206434316,12,0.0
WMS.MX,sic_or_unseried,373,0.9973262032085561,0,0,0.00804289544235925,177,0.0
WMT.MX,sic_or_unseried,374,1.0,0,0,0.9919786096256684,1,1868377.0067138672
WPC.MX,sic_or_unseried,373,0.9973262032085561,0,0,0.010723860589812333,143,0.0
WRB.MX,sic_or_unseried,373,0.9973262032085561,0,0,0.005361930294906166,235,0.0
WSM.MX,sic_or_unseried,373,0.9973262032085561,0,0,0.010723860589812333,164,0.0
WSO.MX,sic_or_unseried,73,0.19518716577540107,15,0,1.0,0,175500.0
WST.MX,sic_or_unseried,373,0.9973262032085561,0,0,0.04289544235924933,139,0.0
WTS.MX,sic_or_unseried,373,0.9973262032085561,0,0,0.01876675603217158,103,0.0
WY.MX,sic_or_unseried,373,0.9973262032085561,0,0,0.00804289544235925,153,0.0
XEL.MX,sic_or_unseried,373,0.9973262032085561,0,0,0.032171581769437,127,0.0
XOM.MX,sic_or_unseried,374,1.0,0,0,0.9491978609625669,1,428373.0
XPO.MX,sic_or_unseried,373,0.9973262032085561,0,0,0.013404825737265416,252,0.0
XYL.MX,sic_or_unseried,373,0.9973262032085561,0,0,0.0160857908847185,170,0.0
XYZ.MX,sic_or_unseried,373,0.9973262032085561,0,0,0.7721179624664879,4,112050.0
YUM.MX,sic_or_unseried,373,0.9973262032085561,0,0,0.08310991957104558,39,0.0
YUMC.MX,sic_or_unseried,373,0.9973262032085561,0,0,0.15013404825737264,50,0.0
ZBH.MX,sic_or_unseried,373,0.9973262032085561,0,0,0.005361930294906166,217,0.0
ZBRA.MX,sic_or_unseried,373,0.9973262032085561,0,0,0.07506702412868632,63,0.0
ZM.MX,sic_or_unseried,373,0.9973262032085561,0,0,0.546916890080429,15,14427.0
ZS.MX,sic_or_unseried,373,0.9973262032085561,0,0,0.514745308310992,16,25054.19921875
ZTS.MX,sic_or_unseried,373,0.9973262032085561,0,0,0.5951742627345844,6,26912.0
