yahoo_symbol,class,rows,first_date,last_date,days_with_volume,max_stale_run,median_traded_value_mxn,screen_verdict,reject_reasons
WALMEX.MX,national,1127,2022-01-03,2026-06-30,1.0,1,1103076898.0,PASS,
GFNORTEO.MX,national,1127,2022-01-03,2026-06-30,1.0,1,922776024.0,PASS,
GMEXICOB.MX,national,1127,2022-01-03,2026-06-30,1.0,1,497827909.0,PASS,
CEMEXCPO.MX,national,1127,2022-01-03,2026-06-30,1.0,1,448525940.0,PASS,
FEMSAUBD.MX,national,1127,2022-01-03,2026-06-30,1.0,1,394061515.0,PASS,
GAPB.MX,national,1127,2022-01-03,2026-06-30,1.0,1,277585404.0,PASS,
AC.MX,national,1127,2022-01-03,2026-06-30,1.0,1,245424531.0,PASS,
ASURB.MX,national,1127,2022-01-03,2026-06-30,1.0,1,187141232.0,PASS,
KIMBERA.MX,national,1127,2022-01-03,2026-06-30,1.0,1,138741203.0,PASS,
FUNO11.MX,national,1127,2022-01-03,2026-06-30,1.0,2,127353244.0,PASS,
Q.MX,national,1127,2022-01-03,2026-06-30,1.0,1,126793449.0,PASS,
BIMBOA.MX,national,1127,2022-01-03,2026-06-30,1.0,1,125355722.0,PASS,
GRUMAB.MX,national,1127,2022-01-03,2026-06-30,1.0,1,125047935.0,PASS,
OMAB.MX,national,1127,2022-01-03,2026-06-30,1.0,1,122576422.0,PASS,
BBAJIOO.MX,national,1127,2022-01-03,2026-06-30,1.0,1,95133244.0,PASS,
VESTA.MX,national,1127,2022-01-03,2026-06-30,1.0,1,93508474.0,PASS,
KOFUBL.MX,national,1127,2022-01-03,2026-06-30,1.0,1,82358305.0,PASS,
RA.MX,national,1127,2022-01-03,2026-06-30,1.0,1,81566765.0,PASS,
GENTERA.MX,national,1127,2022-01-03,2026-06-30,1.0,1,70857392.0,PASS,
ALSEA.MX,national,1127,2022-01-03,2026-06-30,1.0,1,67593949.0,PASS,
GFINBURO.MX,national,1127,2022-01-03,2026-06-30,1.0,1,63948745.0,PASS,
FIBRAPL14.MX,national,1128,2022-01-03,2026-06-30,1.0,1,63308853.0,PASS,
PINFRA.MX,national,1127,2022-01-03,2026-06-30,1.0,1,58938952.0,PASS,
ORBIA.MX,national,1127,2022-01-03,2026-06-30,1.0,1,54588968.0,PASS,
LABB.MX,national,1127,2022-01-03,2026-06-30,1.0,1,53104257.0,PASS,
GCC.MX,national,1127,2022-01-03,2026-06-30,1.0,2,49396472.0,PASS,
CHDRAUIB.MX,national,1127,2022-01-03,2026-06-30,1.0,2,44854837.0,PASS,
CUERVO.MX,national,1127,2022-01-03,2026-06-30,1.0,1,42075804.0,PASS,
MEGACPO.MX,national,1127,2022-01-03,2026-06-30,1.0,1,39200028.0,PASS,
BOLSAA.MX,national,1127,2022-01-03,2026-06-30,1.0,1,37083183.0,PASS,
GCARSOA1.MX,national,1127,2022-01-03,2026-06-30,1.0,1,36611644.0,PASS,
LIVEPOLC-1.MX,national,1127,2022-01-03,2026-06-30,1.0,1,33669681.0,PASS,
VOLARA.MX,national,1127,2022-01-03,2026-06-30,1.0,1,32978363.0,PASS,
ALPEKA.MX,national,1127,2022-01-03,2026-06-30,1.0,1,15372873.0,PASS,
LACOMERUBC.MX,national,1128,2022-01-03,2026-06-30,1.0,1,14813208.0,PASS,
NEMAKA.MX,national,1127,2022-01-03,2026-06-30,1.0,3,9511606.0,PASS,
FMTY14.MX,national,1127,2022-01-03,2026-06-30,1.0,4,7433667.0,PASS,
DANHOS13.MX,national,1127,2022-01-03,2026-06-30,1.0,2,5427692.0,PASS,
AGUA.MX,national,1127,2022-01-03,2026-06-30,1.0,2,4313004.0,PASS,
AXTELCPO.MX,national,1127,2022-01-03,2026-06-30,1.0,3,598987.0,PASS,
FIHO12.MX,national,1127,2022-01-03,2026-06-30,1.0,4,540934.0,PASS,
^GSPC,index,1126,2022-01-03,2026-06-30,0.999,0,20681642704614.0,AUXILIARY,
^MXX,index,1128,2022-01-03,2026-06-30,0.999,0,9966752793539.0,AUXILIARY,
AMXB.MX,national,1127,2022-01-03,2026-06-30,0.757,117,747051884.0,REJECT,traded_day_fraction<0.90;stale_run=117>5
SIMECB.MX,national,1127,2022-01-03,2026-06-30,0.862,20,403960.0,REJECT,traded_day_fraction<0.90;stale_run=20>5;median_traded_value<500k
AUTLANB.MX,national,1127,2022-01-03,2026-06-30,0.984,5,312419.0,REJECT,median_traded_value<500k
FINN13.MX,national,1127,2022-01-03,2026-06-30,0.986,7,106307.0,REJECT,stale_run=7>5;median_traded_value<500k
CYDSASAA.MX,national,1127,2022-01-03,2026-06-30,0.673,24,14099.0,REJECT,traded_day_fraction<0.90;stale_run=24>5;median_traded_value<500k
VITROA.MX,national,1127,2022-01-03,2026-06-30,0.736,17,12690.0,REJECT,traded_day_fraction<0.90;stale_run=17>5;median_traded_value<500k
POCHTECB.MX,national,1127,2022-01-03,2026-06-30,0.476,41,0.0,REJECT,traded_day_fraction<0.90;stale_run=41>5;median_traded_value<500k
USDMXN=X,fx,1167,2022-01-03,2026-06-30,0.0,0,0.0,AUXILIARY,
