provider_symbol,status,rows,first_date,last_date,detail
BK.MX,cached,0,,,
GLPI.MX,cached,0,,,
HONA.MX,cached,0,,,
PE.MX,cached,0,,,
PSTG.MX,cached,0,,,
RVMD.MX,cached,0,,,
WWD.MX,cached,0,,,
A.MX,downloaded,875,2023-01-02,2026-06-30,
AAPL.MX,downloaded,876,2023-01-02,2026-06-30,
ABBV.MX,downloaded,876,2023-01-02,2026-06-30,
ABNB.MX,downloaded,875,2023-01-02,2026-06-30,
ABT.MX,downloaded,876,2023-01-02,2026-06-30,
AC.MX,downloaded,875,2023-01-02,2026-06-30,
ADBE.MX,downloaded,876,2023-01-02,2026-06-30,
ADI.MX,downloaded,875,2023-01-02,2026-06-30,
ADM.MX,downloaded,875,2023-01-02,2026-06-30,
ADSK.MX,downloaded,876,2023-01-02,2026-06-30,
AEP.MX,downloaded,875,2023-01-02,2026-06-30,
AFRM.MX,downloaded,875,2023-01-02,2026-06-30,
AGNC.MX,downloaded,875,2023-01-02,2026-06-30,
AGUA.MX,downloaded,875,2023-01-02,2026-06-30,
AHR.MX,too_short,4,2026-06-25,2026-06-30,only 4 rows
AIG.MX,downloaded,875,2023-01-02,2026-06-30,
AIZ.MX,downloaded,451,2024-09-06,2026-06-30,
AJG.MX,downloaded,875,2023-01-02,2026-06-30,
AKAM.MX,downloaded,875,2023-01-02,2026-06-30,
ALAB.MX,downloaded,501,2024-07-01,2026-06-30,
ALB.MX,downloaded,876,2023-01-02,2026-06-30,
ALGN.MX,downloaded,875,2023-01-02,2026-06-30,
ALNY.MX,downloaded,875,2023-01-02,2026-06-30,
ALPEKA.MX,downloaded,875,2023-01-02,2026-06-30,
ALSEA.MX,downloaded,875,2023-01-02,2026-06-30,
AMAT.MX,downloaded,875,2023-01-02,2026-06-30,
AMD.MX,downloaded,876,2023-01-02,2026-06-30,
AME.MX,downloaded,875,2023-01-02,2026-06-30,
AMGN.MX,downloaded,875,2023-01-02,2026-06-30,
AMKR.MX,downloaded,104,2026-01-28,2026-06-30,
AMP.MX,downloaded,875,2023-01-02,2026-06-30,
AMT.MX,downloaded,875,2023-01-02,2026-06-30,
AMXB.MX,downloaded,875,2023-01-02,2026-06-30,
AMZN.MX,downloaded,876,2023-01-02,2026-06-30,
ANB.MX,downloaded,875,2023-01-02,2026-06-30,
ANET.MX,downloaded,876,2023-01-02,2026-06-30,
APA.MX,downloaded,875,2023-01-02,2026-06-30,
APD.MX,downloaded,875,2023-01-02,2026-06-30,
APH.MX,downloaded,875,2023-01-02,2026-06-30,
APP.MX,downloaded,448,2024-09-11,2026-06-30,
ARMK.MX,downloaded,875,2023-01-02,2026-06-30,
ASTS.MX,downloaded,449,2024-09-11,2026-06-30,
ASURB.MX,downloaded,875,2023-01-02,2026-06-30,
ATI.MX,downloaded,165,2025-10-29,2026-06-30,
ATO.MX,downloaded,239,2025-07-16,2026-06-30,
AVB.MX,downloaded,875,2023-01-02,2026-06-30,
AVGO.MX,downloaded,728,2023-01-05,2026-06-30,
AWK.MX,downloaded,875,2023-01-02,2026-06-30,
AXON.MX,downloaded,313,2025-03-31,2026-06-30,
AXP.MX,downloaded,876,2023-01-02,2026-06-30,
AXTELCPO.MX,downloaded,875,2023-01-02,2026-06-30,
AZO.MX,downloaded,875,2023-01-02,2026-06-30,
BA.MX,downloaded,875,2023-01-02,2026-06-30,
BAC.MX,downloaded,875,2023-01-02,2026-06-30,
BAX.MX,downloaded,875,2023-01-02,2026-06-30,
BBAJIOO.MX,downloaded,875,2023-01-02,2026-06-30,
BBVA.MX,downloaded,875,2023-01-02,2026-06-30,
BBY.MX,downloaded,875,2023-01-02,2026-06-30,
BDX.MX,downloaded,875,2023-01-02,2026-06-30,
BE.MX,downloaded,779,2023-05-24,2026-06-30,
BEN.MX,downloaded,875,2023-01-02,2026-06-30,
BIIB.MX,downloaded,875,2023-01-02,2026-06-30,
BIMBOA.MX,downloaded,875,2023-01-02,2026-06-30,
BKNG.MX,downloaded,875,2023-01-02,2026-06-30,
BKR.MX,downloaded,875,2023-01-02,2026-06-30,
BLK.MX,downloaded,875,2023-01-02,2026-06-30,
BMNR.MX,downloaded,200,2025-09-09,2026-06-30,
BMRN.MX,downloaded,875,2023-01-02,2026-06-30,
BMY.MX,downloaded,875,2023-01-02,2026-06-30,
BNS.MX,downloaded,875,2023-01-02,2026-06-30,
BOLSAA.MX,downloaded,875,2023-01-02,2026-06-30,
BRKB.MX,downloaded,876,2023-01-02,2026-06-30,
BRO.MX,downloaded,793,2023-05-03,2026-06-30,
BSX.MX,downloaded,876,2023-01-02,2026-06-30,
BURL.MX,downloaded,875,2023-01-02,2026-06-30,
BWA.MX,downloaded,875,2023-01-02,2026-06-30,
BWXT.MX,downloaded,401,2024-11-20,2026-06-30,
BX.MX,downloaded,875,2023-01-02,2026-06-30,
BXP.MX,downloaded,875,2023-01-02,2026-06-30,
C.MX,downloaded,875,2023-01-02,2026-06-30,
CAH.MX,downloaded,875,2023-01-02,2026-06-30,
CARR.MX,downloaded,875,2023-01-02,2026-06-30,
CASY.MX,downloaded,452,2024-09-05,2026-06-30,
CAT.MX,downloaded,875,2023-01-02,2026-06-30,
CBOE.MX,downloaded,875,2023-01-02,2026-06-30,
CBRE.MX,downloaded,875,2023-01-02,2026-06-30,
CDE.MX,downloaded,875,2023-01-02,2026-06-30,
CDNS.MX,downloaded,875,2023-01-02,2026-06-30,
CDW.MX,downloaded,875,2023-01-02,2026-06-30,
CEG.MX,downloaded,875,2023-01-02,2026-06-30,
CEMEXCPO.MX,downloaded,875,2023-01-02,2026-06-30,
CF.MX,downloaded,875,2023-01-02,2026-06-30,
CFG.MX,downloaded,875,2023-01-02,2026-06-30,
CG.MX,downloaded,875,2023-01-02,2026-06-30,
CHD.MX,downloaded,875,2023-01-02,2026-06-30,
CHDRAUIB.MX,downloaded,875,2023-01-02,2026-06-30,
CHRW.MX,downloaded,94,2026-02-12,2026-06-30,
CHTR.MX,downloaded,876,2023-01-02,2026-06-30,
CI.MX,downloaded,875,2023-01-02,2026-06-30,
CIEN.MX,downloaded,875,2023-01-02,2026-06-30,
CL.MX,downloaded,875,2023-01-02,2026-06-30,
CLX.MX,downloaded,875,2023-01-02,2026-06-30,
CMCSA.MX,downloaded,876,2023-01-02,2026-06-30,
CME.MX,downloaded,875,2023-01-02,2026-06-30,
CMG.MX,downloaded,876,2023-01-02,2026-06-30,
CMI.MX,downloaded,875,2023-01-02,2026-06-30,
CNC.MX,downloaded,875,2023-01-02,2026-06-30,
COF.MX,downloaded,875,2023-01-02,2026-06-30,
COHR.MX,downloaded,93,2026-02-13,2026-06-30,
COIN.MX,downloaded,876,2023-01-02,2026-06-30,
COO.MX,downloaded,875,2023-01-02,2026-06-30,
COP.MX,downloaded,875,2023-01-02,2026-06-30,
COR.MX,downloaded,425,2024-10-16,2026-06-30,
COST.MX,downloaded,876,2023-01-02,2026-06-30,
CPNG.MX,downloaded,875,2023-01-02,2026-06-30,
CPRT.MX,downloaded,875,2023-01-02,2026-06-30,
CR.MX,empty,0,,,provider returned no rows
CRCL.MX,downloaded,173,2025-08-07,2026-06-30,
CRL.MX,downloaded,875,2023-01-02,2026-06-30,
CRM.MX,downloaded,876,2023-01-02,2026-06-30,
CRWD.MX,downloaded,876,2023-01-02,2026-06-30,
CRWV.MX,downloaded,244,2025-07-10,2026-06-30,
CSCO.MX,downloaded,875,2023-01-02,2026-06-30,
CSX.MX,downloaded,875,2023-01-02,2026-06-30,
CTAS.MX,downloaded,875,2023-01-02,2026-06-30,
CTSH.MX,downloaded,875,2023-01-02,2026-06-30,
CTVA.MX,downloaded,875,2023-01-02,2026-06-30,
CUERVO.MX,downloaded,875,2023-01-02,2026-06-30,
CVNA.MX,downloaded,876,2023-01-02,2026-06-30,
CVS.MX,downloaded,875,2023-01-02,2026-06-30,
CVX.MX,downloaded,875,2023-01-02,2026-06-30,
D.MX,downloaded,875,2023-01-02,2026-06-30,
DAL.MX,downloaded,876,2023-01-02,2026-06-30,
DANHOS13.MX,downloaded,875,2023-01-02,2026-06-30,
DASH.MX,downloaded,875,2023-01-02,2026-06-30,
DD.MX,downloaded,876,2023-01-02,2026-06-30,
DDOG.MX,downloaded,876,2023-01-02,2026-06-30,
DE.MX,downloaded,875,2023-01-02,2026-06-30,
DELLC.MX,downloaded,876,2023-01-02,2026-06-30,
DGG.MX,downloaded,875,2023-01-02,2026-06-30,
DGX.MX,downloaded,875,2023-01-02,2026-06-30,
DHI.MX,downloaded,875,2023-01-02,2026-06-30,
DHR.MX,downloaded,875,2023-01-02,2026-06-30,
DIS.MX,downloaded,876,2023-01-02,2026-06-30,
DKS.MX,too_short,65,2026-03-26,2026-06-30,only 65 rows
DLR.MX,downloaded,875,2023-01-02,2026-06-30,
DLTR.MX,downloaded,875,2023-01-02,2026-06-30,
DPZ.MX,downloaded,875,2023-01-02,2026-06-30,
DUK.MX,downloaded,875,2023-01-02,2026-06-30,
DVA.MX,downloaded,875,2023-01-02,2026-06-30,
DVN.MX,downloaded,875,2023-01-02,2026-06-30,
DXCM.MX,downloaded,875,2023-01-02,2026-06-30,
EA.MX,empty,0,,,provider returned no rows
EBAY.MX,downloaded,875,2023-01-02,2026-06-30,
ECHO.MX,too_short,60,2024-01-10,2026-06-22,only 60 rows
ECL.MX,downloaded,875,2023-01-02,2026-06-30,
EFX.MX,downloaded,875,2023-01-02,2026-06-30,
EHC.MX,downloaded,515,2023-01-02,2026-06-30,
EL.MX,downloaded,875,2023-01-02,2026-06-30,
ELAN.MX,downloaded,875,2023-01-02,2026-06-30,
ELV.MX,downloaded,875,2023-01-02,2026-06-30,
EMR.MX,downloaded,875,2023-01-02,2026-06-30,
ENTG.MX,downloaded,875,2023-01-02,2026-06-30,
EOG.MX,downloaded,875,2023-01-02,2026-06-30,
EQIX.MX,downloaded,875,2023-01-02,2026-06-30,
EQR.MX,downloaded,875,2023-01-02,2026-06-30,
EQT.MX,downloaded,875,2023-01-02,2026-06-30,
ES.MX,downloaded,129,2025-12-22,2026-06-30,
ETR.MX,downloaded,713,2023-08-23,2026-06-30,
EVR.MX,downloaded,875,2023-01-02,2026-06-30,
EW.MX,downloaded,875,2023-01-02,2026-06-30,
EXC.MX,downloaded,875,2023-01-02,2026-06-30,
EXE.MX,downloaded,872,2023-01-06,2026-06-30,
EXPD.MX,downloaded,875,2023-01-02,2026-06-30,
EXPE.MX,downloaded,875,2023-01-02,2026-06-30,
EXR.MX,downloaded,875,2023-01-02,2026-06-30,
F.MX,downloaded,875,2023-01-02,2026-06-30,
FANG.MX,downloaded,875,2023-01-02,2026-06-30,
FAST.MX,downloaded,875,2023-01-02,2026-06-30,
FCX.MX,downloaded,876,2023-01-02,2026-06-30,
FDX.MX,downloaded,876,2023-01-02,2026-06-30,
FDXF.MX,too_short,18,2026-06-05,2026-06-30,only 18 rows
FE.MX,downloaded,875,2023-01-02,2026-06-30,
FEMSAUBD.MX,downloaded,875,2023-01-02,2026-06-30,
FFIV.MX,downloaded,875,2023-01-02,2026-06-30,
FIBRAPL14.MX,downloaded,876,2023-01-02,2026-06-30,
FIHO12.MX,downloaded,875,2023-01-02,2026-06-30,
FIS.MX,downloaded,875,2023-01-02,2026-06-30,
FISV.MX,downloaded,875,2023-01-02,2026-06-30,
FIVE.MX,downloaded,875,2023-01-02,2026-06-30,
FIX.MX,downloaded,146,2025-11-26,2026-06-30,
FMTY14.MX,downloaded,875,2023-01-02,2026-06-30,
FRES.MX,downloaded,875,2023-01-02,2026-06-30,
FSLR.MX,downloaded,875,2023-01-02,2026-06-30,
FTNT.MX,downloaded,875,2023-01-02,2026-06-30,
FUNO11.MX,downloaded,875,2023-01-02,2026-06-30,
GAPB.MX,downloaded,875,2023-01-02,2026-06-30,
GCARSOA1.MX,downloaded,875,2023-01-02,2026-06-30,
GCC.MX,downloaded,875,2023-01-02,2026-06-30,
GD.MX,downloaded,875,2023-01-02,2026-06-30,
GDDY.MX,downloaded,875,2023-01-02,2026-06-30,
GE.MX,downloaded,875,2023-01-02,2026-06-30,
GEHC.MX,downloaded,870,2023-01-09,2026-06-30,
GENTERA.MX,downloaded,875,2023-01-02,2026-06-30,
GEV.MX,downloaded,499,2024-07-03,2026-06-30,
GFINBURO.MX,downloaded,875,2023-01-02,2026-06-30,
GFNORTEO.MX,downloaded,875,2023-01-02,2026-06-30,
GH.MX,downloaded,875,2023-01-02,2026-06-30,
GILD.MX,downloaded,875,2023-01-02,2026-06-30,
GIS.MX,downloaded,875,2023-01-02,2026-06-30,
GLW.MX,downloaded,875,2023-01-02,2026-06-30,
GM.MX,downloaded,876,2023-01-02,2026-06-30,
GMEXICOB.MX,downloaded,875,2023-01-02,2026-06-30,
GNRC.MX,downloaded,875,2023-01-02,2026-06-30,
GOOG.MX,downloaded,876,2023-01-02,2026-06-30,
GOOGL.MX,downloaded,876,2023-01-02,2026-06-30,
GPC.MX,downloaded,875,2023-01-02,2026-06-30,
GPN.MX,downloaded,875,2023-01-02,2026-06-30,
GRUMAB.MX,downloaded,875,2023-01-02,2026-06-30,
GS.MX,downloaded,875,2023-01-02,2026-06-30,
GWRE.MX,downloaded,875,2023-01-02,2026-06-30,
GWW.MX,downloaded,875,2023-01-02,2026-06-30,
HAL.MX,downloaded,875,2023-01-02,2026-06-30,
HAS.MX,downloaded,875,2023-01-02,2026-06-30,
HBAN.MX,downloaded,875,2023-01-02,2026-06-30,
HCA.MX,downloaded,875,2023-01-02,2026-06-30,
HD.MX,downloaded,875,2023-01-02,2026-06-30,
HIG.MX,downloaded,653,2023-11-16,2026-06-30,
HII.MX,downloaded,115,2026-01-13,2026-06-30,
HLT.MX,downloaded,875,2023-01-02,2026-06-30,
HON.MX,downloaded,876,2023-01-02,2026-06-30,
HOOD.MX,downloaded,876,2023-01-02,2026-06-30,
HPE.MX,downloaded,875,2023-01-02,2026-06-30,
HPQ.MX,downloaded,875,2023-01-02,2026-06-30,
HRL.MX,downloaded,711,2023-08-25,2026-06-30,
HST.MX,downloaded,498,2024-07-03,2026-06-30,
HSY.MX,downloaded,875,2023-01-02,2026-06-30,
HUBB.MX,downloaded,875,2023-01-02,2026-06-30,
HUBS.MX,downloaded,875,2023-01-02,2026-06-30,
HUM.MX,downloaded,875,2023-01-02,2026-06-30,
HWM.MX,downloaded,875,2023-01-02,2026-06-30,
IBKR.MX,downloaded,875,2023-01-02,2026-06-30,
IBM.MX,downloaded,875,2023-01-02,2026-06-30,
ICE.MX,downloaded,875,2023-01-02,2026-06-30,
IDXX.MX,downloaded,875,2023-01-02,2026-06-30,
ILMN.MX,downloaded,875,2023-01-02,2026-06-30,
INCY.MX,downloaded,875,2023-01-02,2026-06-30,
INSM.MX,downloaded,875,2023-01-02,2026-06-30,
INTC.MX,downloaded,876,2023-01-02,2026-06-30,
INTU.MX,downloaded,876,2023-01-02,2026-06-30,
INVH.MX,downloaded,875,2023-01-02,2026-06-30,
IONQ.MX,empty,0,,,provider returned no rows
IOT.MX,downloaded,428,2024-10-11,2026-06-30,
IP.MX,downloaded,875,2023-01-02,2026-06-30,
ISRG.MX,downloaded,875,2023-01-02,2026-06-30,
ITT.MX,too_short,7,2024-12-10,2026-05-07,only 7 rows
J.MX,downloaded,181,2025-10-07,2026-06-30,
JBHT.MX,downloaded,520,2024-06-03,2026-06-30,
JBL.MX,downloaded,875,2023-01-02,2026-06-30,
JNJ.MX,downloaded,876,2023-01-02,2026-06-30,
JPM.MX,downloaded,875,2023-01-02,2026-06-30,
KEYS.MX,downloaded,875,2023-01-02,2026-06-30,
KHC.MX,downloaded,875,2023-01-02,2026-06-30,
KIM.MX,downloaded,875,2023-01-02,2026-06-30,
KIMBERA.MX,downloaded,875,2023-01-02,2026-06-30,
KKRC.MX,downloaded,875,2023-01-02,2026-06-30,
KLAC.MX,downloaded,876,2023-01-02,2026-06-30,
KMB.MX,downloaded,876,2023-01-02,2026-06-30,
KMI.MX,downloaded,875,2023-01-02,2026-06-30,
KO.MX,downloaded,875,2023-01-02,2026-06-30,
KOFUBL.MX,downloaded,875,2023-01-02,2026-06-30,
KR.MX,downloaded,875,2023-01-02,2026-06-30,
KVUE.MX,downloaded,605,2024-01-29,2026-06-30,
L.MX,downloaded,875,2023-01-02,2026-06-30,
LABB.MX,downloaded,875,2023-01-02,2026-06-30,
LACOMERUBC.MX,downloaded,876,2023-01-02,2026-06-30,
LDOS.MX,downloaded,875,2023-01-02,2026-06-30,
LECO.MX,downloaded,517,2024-06-06,2026-06-30,
LEN.MX,downloaded,875,2023-01-02,2026-06-30,
LH.MX,downloaded,875,2023-01-02,2026-06-30,
LHX.MX,downloaded,875,2023-01-02,2026-06-30,
LII.MX,downloaded,875,2023-01-02,2026-06-30,
LITE.MX,downloaded,876,2023-01-02,2026-06-30,
LIVEPOLC-1.MX,downloaded,875,2023-01-02,2026-06-30,
LLY.MX,downloaded,876,2023-01-02,2026-06-30,
LMT.MX,downloaded,875,2023-01-02,2026-06-30,
LNG.MX,downloaded,875,2023-01-02,2026-06-30,
LOW.MX,downloaded,875,2023-01-02,2026-06-30,
LPLA.MX,downloaded,875,2023-01-02,2026-06-30,
LRCX.MX,downloaded,876,2023-01-02,2026-06-30,
LULU.MX,downloaded,876,2023-01-02,2026-06-30,
LUV.MX,downloaded,875,2023-01-02,2026-06-30,
LVS.MX,downloaded,875,2023-01-02,2026-06-30,
LYV.MX,downloaded,875,2023-01-02,2026-06-30,
MA.MX,downloaded,875,2023-01-02,2026-06-30,
MAR.MX,downloaded,875,2023-01-02,2026-06-30,
MCD.MX,downloaded,875,2023-01-02,2026-06-30,
MCHP.MX,downloaded,875,2023-01-02,2026-06-30,
MCK.MX,downloaded,875,2023-01-02,2026-06-30,
MCO.MX,downloaded,875,2023-01-02,2026-06-30,
MDB.MX,downloaded,875,2023-01-02,2026-06-30,
MDLZ.MX,downloaded,875,2023-01-02,2026-06-30,
MEDP.MX,downloaded,875,2023-01-02,2026-06-30,
MEGACPO.MX,downloaded,875,2023-01-02,2026-06-30,
MET.MX,downloaded,875,2023-01-02,2026-06-30,
META.MX,downloaded,876,2023-01-02,2026-06-30,
MGM.MX,downloaded,875,2023-01-02,2026-06-30,
MKC.MX,downloaded,875,2023-01-02,2026-06-30,
MKL.MX,downloaded,875,2023-01-02,2026-06-30,
MKSI.MX,downloaded,875,2023-01-02,2026-06-30,
MLI.MX,downloaded,162,2025-11-03,2026-06-30,
MLM.MX,downloaded,875,2023-01-02,2026-06-30,
MMM.MX,downloaded,875,2023-01-02,2026-06-30,
MNST.MX,downloaded,876,2023-01-02,2026-06-30,
MO.MX,downloaded,875,2023-01-02,2026-06-30,
MPC.MX,downloaded,876,2023-01-02,2026-06-30,
MPWR.MX,downloaded,875,2023-01-02,2026-06-30,
MRK.MX,downloaded,875,2023-01-02,2026-06-30,
MRNA.MX,downloaded,876,2023-01-02,2026-06-30,
MRSH.MX,downloaded,875,2023-01-02,2026-06-30,
MS.MX,downloaded,875,2023-01-02,2026-06-30,
MSCI.MX,downloaded,875,2023-01-02,2026-06-30,
MSFT.MX,downloaded,876,2023-01-02,2026-06-30,
MSI.MX,downloaded,491,2024-07-12,2026-06-30,
MSTR.MX,downloaded,876,2023-01-02,2026-06-30,
MTB.MX,downloaded,518,2024-06-05,2026-06-30,
MTD.MX,downloaded,875,2023-01-02,2026-06-30,
MU.MX,downloaded,876,2023-01-02,2026-06-30,
NBIX.MX,too_short,39,2026-05-07,2026-06-30,only 39 rows
NDAQ.MX,downloaded,876,2023-01-02,2026-06-30,
NEE.MX,downloaded,875,2023-01-02,2026-06-30,
NEM.MX,downloaded,875,2023-01-02,2026-06-30,
NEMAKA.MX,downloaded,875,2023-01-02,2026-06-30,
NET.MX,downloaded,875,2023-01-02,2026-06-30,
NFLX.MX,downloaded,876,2023-01-02,2026-06-30,
NKE.MX,downloaded,876,2023-01-02,2026-06-30,
NOC.MX,downloaded,875,2023-01-02,2026-06-30,
NOWW.MX,downloaded,876,2023-01-02,2026-06-30,
NRG.MX,downloaded,588,2024-02-22,2026-06-30,
NSC.MX,downloaded,875,2023-01-02,2026-06-30,
NTAP.MX,downloaded,474,2024-08-06,2026-06-30,
NTNX.MX,downloaded,230,2025-07-29,2026-06-30,
NUE.MX,downloaded,875,2023-01-02,2026-06-30,
NVDA.MX,downloaded,876,2023-01-02,2026-06-30,
NVR.MX,downloaded,875,2023-01-02,2026-06-30,
O.MX,downloaded,875,2023-01-02,2026-06-30,
ODFL.MX,downloaded,875,2023-01-02,2026-06-30,
OHI.MX,downloaded,135,2025-12-11,2026-06-30,
OKE.MX,downloaded,287,2025-05-09,2026-06-30,
OKTA.MX,downloaded,875,2023-01-02,2026-06-30,
OMAB.MX,downloaded,875,2023-01-02,2026-06-30,
ON.MX,downloaded,875,2023-01-02,2026-06-30,
ONTO.MX,downloaded,587,2024-02-23,2026-06-30,
ORBIA.MX,downloaded,875,2023-01-02,2026-06-30,
ORCL.MX,downloaded,876,2023-01-02,2026-06-30,
ORLY.MX,downloaded,875,2023-01-02,2026-06-30,
OTIS.MX,downloaded,875,2023-01-02,2026-06-30,
PANW.MX,downloaded,876,2023-01-02,2026-06-30,
PAYX.MX,downloaded,875,2023-01-02,2026-06-30,
PCAR.MX,empty,0,,,provider returned no rows
PCG.MX,downloaded,875,2023-01-02,2026-06-30,
PEG.MX,downloaded,523,2024-05-29,2026-06-30,
PEN.MX,downloaded,875,2023-01-02,2026-06-30,
PEP.MX,downloaded,876,2023-01-02,2026-06-30,
PFE.MX,downloaded,876,2023-01-02,2026-06-30,
PG.MX,downloaded,876,2023-01-02,2026-06-30,
PGR.MX,downloaded,875,2023-01-02,2026-06-30,
PH.MX,downloaded,875,2023-01-02,2026-06-30,
PHM.MX,downloaded,875,2023-01-02,2026-06-30,
PINFRA.MX,downloaded,875,2023-01-02,2026-06-30,
PINS.MX,downloaded,875,2023-01-02,2026-06-30,
PKG.MX,downloaded,517,2024-06-06,2026-06-30,
PLD.MX,downloaded,875,2023-01-02,2026-06-30,
PLTR.MX,downloaded,869,2023-01-03,2026-06-30,
PM.MX,downloaded,875,2023-01-02,2026-06-30,
PNC.MX,downloaded,875,2023-01-02,2026-06-30,
PODD.MX,downloaded,875,2023-01-02,2026-06-30,
PPG.MX,downloaded,875,2023-01-02,2026-06-30,
PPLC.MX,downloaded,154,2025-11-13,2026-06-30,
PR.MX,downloaded,875,2023-01-02,2026-06-30,
PRU.MX,downloaded,875,2023-01-02,2026-06-30,
PSA.MX,downloaded,875,2023-01-02,2026-06-30,
PSX.MX,downloaded,875,2023-01-02,2026-06-30,
PTC.MX,downloaded,875,2023-01-02,2026-06-30,
PWR.MX,downloaded,538,2024-05-08,2026-06-30,
PYPL.MX,downloaded,876,2023-01-02,2026-06-30,
Q.MX,downloaded,875,2023-01-02,2026-06-30,
QCOM.MX,downloaded,876,2023-01-02,2026-06-30,
RA.MX,downloaded,875,2023-01-02,2026-06-30,
RBLX.MX,downloaded,876,2023-01-02,2026-06-30,
RBRK.MX,downloaded,480,2024-07-30,2026-06-30,
RCL.MX,downloaded,876,2023-01-02,2026-06-30,
RDDT.MX,downloaded,473,2024-08-08,2026-06-30,
REGN.MX,downloaded,875,2023-01-02,2026-06-30,
RF.MX,downloaded,875,2023-01-02,2026-06-30,
RGLD.MX,downloaded,875,2023-01-02,2026-06-30,
RIVN.MX,downloaded,876,2023-01-02,2026-06-30,
RKLB.MX,downloaded,265,2024-12-20,2026-06-30,
RKT.MX,downloaded,875,2023-01-02,2026-06-30,
RMD.MX,downloaded,875,2023-01-02,2026-06-30,
ROK.MX,downloaded,875,2023-01-02,2026-06-30,
ROKU.MX,downloaded,875,2023-01-02,2026-06-30,
ROL.MX,downloaded,632,2023-12-19,2026-06-30,
ROST.MX,downloaded,875,2023-01-02,2026-06-30,
RRX.MX,downloaded,871,2023-01-06,2026-06-30,
RSGA.MX,downloaded,875,2023-01-02,2026-06-30,
RTX.MX,downloaded,875,2023-01-02,2026-06-30,
SAIA.MX,downloaded,439,2024-09-25,2026-06-30,
SBAC.MX,downloaded,875,2023-01-02,2026-06-30,
SBUX.MX,downloaded,876,2023-01-02,2026-06-30,
SCCO.MX,downloaded,876,2023-01-02,2026-06-30,
SCHW.MX,downloaded,875,2023-01-02,2026-06-30,
SCI.MX,downloaded,875,2023-01-02,2026-06-30,
SHW.MX,downloaded,875,2023-01-02,2026-06-30,
SITM.MX,downloaded,123,2025-12-31,2026-06-30,
SJM.MX,downloaded,875,2023-01-02,2026-06-30,
SMCI.MX,downloaded,630,2023-12-22,2026-06-30,
SNOW.MX,downloaded,876,2023-01-02,2026-06-30,
SNPS.MX,downloaded,875,2023-01-02,2026-06-30,
SO.MX,downloaded,875,2023-01-02,2026-06-30,
SOFI.MX,downloaded,876,2023-01-02,2026-06-30,
SOLV.MX,downloaded,496,2024-07-05,2026-06-30,
SPG.MX,downloaded,875,2023-01-02,2026-06-30,
SPGI.MX,downloaded,875,2023-01-02,2026-06-30,
SRE.MX,downloaded,491,2024-07-12,2026-06-30,
SSNC.MX,downloaded,875,2023-01-02,2026-06-30,
STLD.MX,downloaded,876,2023-01-02,2026-06-30,
STT.MX,downloaded,875,2023-01-02,2026-06-30,
STZ.MX,downloaded,876,2023-01-02,2026-06-30,
SUI.MX,downloaded,875,2023-01-02,2026-06-30,
SWK.MX,downloaded,875,2023-01-02,2026-06-30,
SYF.MX,downloaded,875,2023-01-02,2026-06-30,
SYK.MX,downloaded,875,2023-01-02,2026-06-30,
SYY.MX,downloaded,875,2023-01-02,2026-06-30,
T.MX,downloaded,875,2023-01-02,2026-06-30,
TDG.MX,downloaded,875,2023-01-02,2026-06-30,
TDY.MX,downloaded,451,2024-09-06,2026-06-30,
TEAM.MX,downloaded,875,2023-01-02,2026-06-30,
TER.MX,downloaded,875,2023-01-02,2026-06-30,
TFC.MX,downloaded,875,2023-01-02,2026-06-30,
TGT.MX,downloaded,875,2023-01-02,2026-06-30,
THC.MX,downloaded,847,2023-02-10,2026-06-30,
TJX.MX,downloaded,875,2023-01-02,2026-06-30,
TMO.MX,downloaded,876,2023-01-02,2026-06-30,
TMUS.MX,downloaded,876,2023-01-02,2026-06-30,
TOL.MX,empty,0,,,provider returned no rows
TOST.MX,downloaded,875,2023-01-02,2026-06-30,
TPL.MX,empty,0,,,provider returned no rows
TPR.MX,downloaded,875,2023-01-02,2026-06-30,
TRGP.MX,downloaded,825,2023-03-14,2026-06-30,
TRMB.MX,downloaded,875,2023-01-02,2026-06-30,
TROW.MX,downloaded,875,2023-01-02,2026-06-30,
TRV.MX,downloaded,875,2023-01-02,2026-06-30,
TS.MX,downloaded,875,2023-01-02,2026-06-30,
TSLA.MX,downloaded,876,2023-01-02,2026-06-30,
TSN.MX,downloaded,875,2023-01-02,2026-06-30,
TTMI.MX,too_short,65,2026-03-26,2026-06-30,only 65 rows
TTWO.MX,downloaded,875,2023-01-02,2026-06-30,
TWLO.MX,downloaded,875,2023-01-02,2026-06-30,
TXN.MX,downloaded,875,2023-01-02,2026-06-30,
TXRH.MX,downloaded,308,2025-04-07,2026-06-30,
TXT.MX,downloaded,875,2023-01-02,2026-06-30,
TYL.MX,downloaded,875,2023-01-02,2026-06-30,
U.MX,downloaded,876,2023-01-02,2026-06-30,
UAL.MX,downloaded,875,2023-01-02,2026-06-30,
UBER.MX,downloaded,876,2023-01-02,2026-06-30,
ULTA.MX,downloaded,875,2023-01-02,2026-06-30,
UNH.MX,downloaded,876,2023-01-02,2026-06-30,
UNP.MX,downloaded,875,2023-01-02,2026-06-30,
UPS.MX,downloaded,875,2023-01-02,2026-06-30,
URI.MX,downloaded,875,2023-01-02,2026-06-30,
USB.MX,downloaded,875,2023-01-02,2026-06-30,
USFD.MX,downloaded,875,2023-01-02,2026-06-30,
UTHR.MX,too_short,1,2026-06-24,2026-06-24,only 1 rows
V.MX,downloaded,876,2023-01-02,2026-06-30,
VEEV.MX,downloaded,875,2023-01-02,2026-06-30,
VESTA.MX,downloaded,875,2023-01-02,2026-06-30,
VG.MX,downloaded,155,2025-11-12,2026-06-30,
VICI.MX,downloaded,875,2023-01-02,2026-06-30,
VLO.MX,downloaded,875,2023-01-02,2026-06-30,
VLTO.MX,downloaded,628,2023-12-26,2026-06-30,
VMC.MX,downloaded,432,2024-10-07,2026-06-30,
VOLARA.MX,downloaded,875,2023-01-02,2026-06-30,
VRSK.MX,downloaded,875,2023-01-02,2026-06-30,
VRSN.MX,downloaded,875,2023-01-02,2026-06-30,
VRT.MX,downloaded,406,2024-05-30,2026-06-30,
VRTX.MX,downloaded,875,2023-01-02,2026-06-30,
VST.MX,downloaded,876,2023-01-02,2026-06-30,
VTR.MX,downloaded,875,2023-01-02,2026-06-30,
VTRS.MX,downloaded,156,2023-01-12,2026-06-15,
VZ.MX,downloaded,875,2023-01-02,2026-06-30,
W.MX,downloaded,875,2023-01-02,2026-06-30,
WAB.MX,downloaded,875,2023-01-02,2026-06-30,
WALMEX.MX,downloaded,875,2023-01-02,2026-06-30,
WAT.MX,downloaded,875,2023-01-02,2026-06-30,
WBD.MX,downloaded,475,2024-08-05,2026-06-30,
WDAY.MX,downloaded,875,2023-01-02,2026-06-30,
WDC.MX,downloaded,876,2023-01-02,2026-06-30,
WELL.MX,downloaded,875,2023-01-02,2026-06-30,
WFC.MX,downloaded,876,2023-01-02,2026-06-30,
WMB.MX,downloaded,875,2023-01-02,2026-06-30,
WMI.MX,downloaded,875,2023-01-02,2026-06-30,
WMS.MX,downloaded,438,2024-09-26,2026-06-30,
WMT.MX,downloaded,876,2023-01-02,2026-06-30,
WPC.MX,downloaded,875,2023-01-02,2026-06-30,
WRB.MX,downloaded,875,2023-01-02,2026-06-30,
WSM.MX,downloaded,875,2023-01-02,2026-06-30,
WSO.MX,empty,0,,,provider returned no rows
WST.MX,downloaded,875,2023-01-02,2026-06-30,
WTS.MX,downloaded,875,2023-01-02,2026-06-30,
WY.MX,downloaded,875,2023-01-02,2026-06-30,
XEL.MX,downloaded,875,2023-01-02,2026-06-30,
XOM.MX,downloaded,876,2023-01-02,2026-06-30,
XPO.MX,downloaded,875,2023-01-02,2026-06-30,
XYL.MX,downloaded,875,2023-01-02,2026-06-30,
XYZ.MX,downloaded,875,2023-01-02,2026-06-30,
YUM.MX,downloaded,875,2023-01-02,2026-06-30,
YUMC.MX,downloaded,875,2023-01-02,2026-06-30,
ZBH.MX,downloaded,875,2023-01-02,2026-06-30,
ZBRA.MX,downloaded,875,2023-01-02,2026-06-30,
ZM.MX,downloaded,875,2023-01-02,2026-06-30,
ZS.MX,downloaded,875,2023-01-02,2026-06-30,
ZTS.MX,downloaded,875,2023-01-02,2026-06-30,
^MXX,downloaded,876,2023-01-02,2026-06-30,
^GSPC,downloaded,875,2023-01-03,2026-06-30,
USDMXN=X,downloaded,907,2023-01-02,2026-06-30,
