month,provider_symbol
2025-01,AAPL.MX
2025-01,AC.MX
2025-01,ADBE.MX
2025-01,AGUA.MX
2025-01,ALPEKA.MX
2025-01,ALSEA.MX
2025-01,AMAT.MX
2025-01,AMD.MX
2025-01,AMXB.MX
2025-01,AMZN.MX
2025-01,ASURB.MX
2025-01,AVGO.MX
2025-01,AXTELCPO.MX
2025-01,BA.MX
2025-01,BAC.MX
2025-01,BBAJIOO.MX
2025-01,BIMBOA.MX
2025-01,BOLSAA.MX
2025-01,BRKB.MX
2025-01,C.MX
2025-01,CEMEXCPO.MX
2025-01,CHDRAUIB.MX
2025-01,CMG.MX
2025-01,COIN.MX
2025-01,COST.MX
2025-01,CRM.MX
2025-01,CRWD.MX
2025-01,CUERVO.MX
2025-01,DANHOS13.MX
2025-01,DELLC.MX
2025-01,DIS.MX
2025-01,FEMSAUBD.MX
2025-01,FIBRAPL14.MX
2025-01,FIHO12.MX
2025-01,FMTY14.MX
2025-01,FSLR.MX
2025-01,FUNO11.MX
2025-01,GAPB.MX
2025-01,GCARSOA1.MX
2025-01,GCC.MX
2025-01,GENTERA.MX
2025-01,GFINBURO.MX
2025-01,GFNORTEO.MX
2025-01,GMEXICOB.MX
2025-01,GOOG.MX
2025-01,GOOGL.MX
2025-01,GRUMAB.MX
2025-01,INTC.MX
2025-01,JPM.MX
2025-01,KIMBERA.MX
2025-01,KO.MX
2025-01,KOFUBL.MX
2025-01,LABB.MX
2025-01,LACOMERUBC.MX
2025-01,LIVEPOLC-1.MX
2025-01,LLY.MX
2025-01,LULU.MX
2025-01,MA.MX
2025-01,MEGACPO.MX
2025-01,META.MX
2025-01,MRK.MX
2025-01,MRNA.MX
2025-01,MSFT.MX
2025-01,MSTR.MX
2025-01,MU.MX
2025-01,NEMAKA.MX
2025-01,NFLX.MX
2025-01,NKE.MX
2025-01,NVDA.MX
2025-01,OMAB.MX
2025-01,ORBIA.MX
2025-01,ORCL.MX
2025-01,PFE.MX
2025-01,PINFRA.MX
2025-01,PLTR.MX
2025-01,PYPL.MX
2025-01,Q.MX
2025-01,QCOM.MX
2025-01,RA.MX
2025-01,RIVN.MX
2025-01,SBUX.MX
2025-01,SMCI.MX
2025-01,SOFI.MX
2025-01,TGT.MX
2025-01,TSLA.MX
2025-01,UBER.MX
2025-01,V.MX
2025-01,VESTA.MX
2025-01,VOLARA.MX
2025-01,WALMEX.MX
2025-01,WMT.MX
2025-01,XYZ.MX
2025-02,AAPL.MX
2025-02,AC.MX
2025-02,ADBE.MX
2025-02,AGUA.MX
2025-02,ALPEKA.MX
2025-02,ALSEA.MX
2025-02,AMAT.MX
2025-02,AMD.MX
2025-02,AMXB.MX
2025-02,AMZN.MX
2025-02,ASURB.MX
2025-02,AVGO.MX
2025-02,AXTELCPO.MX
2025-02,BA.MX
2025-02,BAC.MX
2025-02,BBAJIOO.MX
2025-02,BBVA.MX
2025-02,BIMBOA.MX
2025-02,BOLSAA.MX
2025-02,BRKB.MX
2025-02,C.MX
2025-02,CEMEXCPO.MX
2025-02,CHDRAUIB.MX
2025-02,COIN.MX
2025-02,COST.MX
2025-02,CRM.MX
2025-02,CRWD.MX
2025-02,CUERVO.MX
2025-02,DANHOS13.MX
2025-02,DELLC.MX
2025-02,DIS.MX
2025-02,FEMSAUBD.MX
2025-02,FIBRAPL14.MX
2025-02,FIHO12.MX
2025-02,FMTY14.MX
2025-02,FSLR.MX
2025-02,FUNO11.MX
2025-02,GAPB.MX
2025-02,GCARSOA1.MX
2025-02,GCC.MX
2025-02,GENTERA.MX
2025-02,GFINBURO.MX
2025-02,GFNORTEO.MX
2025-02,GMEXICOB.MX
2025-02,GOOG.MX
2025-02,GOOGL.MX
2025-02,GRUMAB.MX
2025-02,HOOD.MX
2025-02,INTC.MX
2025-02,JNJ.MX
2025-02,JPM.MX
2025-02,KIMBERA.MX
2025-02,KO.MX
2025-02,KOFUBL.MX
2025-02,LABB.MX
2025-02,LACOMERUBC.MX
2025-02,LIVEPOLC-1.MX
2025-02,LLY.MX
2025-02,MEGACPO.MX
2025-02,META.MX
2025-02,MRK.MX
2025-02,MRNA.MX
2025-02,MSFT.MX
2025-02,MSTR.MX
2025-02,MU.MX
2025-02,NEMAKA.MX
2025-02,NFLX.MX
2025-02,NKE.MX
2025-02,NVDA.MX
2025-02,OMAB.MX
2025-02,ORBIA.MX
2025-02,ORCL.MX
2025-02,PEP.MX
2025-02,PFE.MX
2025-02,PINFRA.MX
2025-02,PLTR.MX
2025-02,PYPL.MX
2025-02,Q.MX
2025-02,QCOM.MX
2025-02,RA.MX
2025-02,RIVN.MX
2025-02,SMCI.MX
2025-02,SOFI.MX
2025-02,TGT.MX
2025-02,TSLA.MX
2025-02,UBER.MX
2025-02,V.MX
2025-02,VESTA.MX
2025-02,VOLARA.MX
2025-02,VST.MX
2025-02,WALMEX.MX
2025-02,WMT.MX
2025-02,XYZ.MX
2025-03,AAPL.MX
2025-03,AC.MX
2025-03,ADBE.MX
2025-03,AGUA.MX
2025-03,ALPEKA.MX
2025-03,ALSEA.MX
2025-03,AMD.MX
2025-03,AMXB.MX
2025-03,AMZN.MX
2025-03,ASURB.MX
2025-03,AVGO.MX
2025-03,AXP.MX
2025-03,AXTELCPO.MX
2025-03,BA.MX
2025-03,BAC.MX
2025-03,BBAJIOO.MX
2025-03,BBVA.MX
2025-03,BIMBOA.MX
2025-03,BOLSAA.MX
2025-03,BRKB.MX
2025-03,C.MX
2025-03,CEMEXCPO.MX
2025-03,CHDRAUIB.MX
2025-03,COIN.MX
2025-03,COST.MX
2025-03,CRM.MX
2025-03,CRWD.MX
2025-03,CUERVO.MX
2025-03,DANHOS13.MX
2025-03,DELLC.MX
2025-03,DIS.MX
2025-03,FEMSAUBD.MX
2025-03,FIBRAPL14.MX
2025-03,FIHO12.MX
2025-03,FMTY14.MX
2025-03,FUNO11.MX
2025-03,GAPB.MX
2025-03,GCARSOA1.MX
2025-03,GCC.MX
2025-03,GENTERA.MX
2025-03,GFINBURO.MX
2025-03,GFNORTEO.MX
2025-03,GMEXICOB.MX
2025-03,GOOG.MX
2025-03,GOOGL.MX
2025-03,GRUMAB.MX
2025-03,HD.MX
2025-03,HOOD.MX
2025-03,INTC.MX
2025-03,JNJ.MX
2025-03,JPM.MX
2025-03,KIMBERA.MX
2025-03,KO.MX
2025-03,KOFUBL.MX
2025-03,LABB.MX
2025-03,LACOMERUBC.MX
2025-03,LIVEPOLC-1.MX
2025-03,LLY.MX
2025-03,MEGACPO.MX
2025-03,META.MX
2025-03,MRK.MX
2025-03,MRNA.MX
2025-03,MSFT.MX
2025-03,MSTR.MX
2025-03,MU.MX
2025-03,NEMAKA.MX
2025-03,NFLX.MX
2025-03,NKE.MX
2025-03,NVDA.MX
2025-03,OMAB.MX
2025-03,ORBIA.MX
2025-03,ORCL.MX
2025-03,PEP.MX
2025-03,PFE.MX
2025-03,PINFRA.MX
2025-03,PLTR.MX
2025-03,PYPL.MX
2025-03,Q.MX
2025-03,QCOM.MX
2025-03,RA.MX
2025-03,RIVN.MX
2025-03,SMCI.MX
2025-03,SOFI.MX
2025-03,TGT.MX
2025-03,TSLA.MX
2025-03,UBER.MX
2025-03,UNH.MX
2025-03,V.MX
2025-03,VESTA.MX
2025-03,VOLARA.MX
2025-03,VST.MX
2025-03,WALMEX.MX
2025-03,WMT.MX
2025-03,XYZ.MX
2025-04,AAPL.MX
2025-04,AC.MX
2025-04,ADBE.MX
2025-04,AGUA.MX
2025-04,ALPEKA.MX
2025-04,ALSEA.MX
2025-04,AMD.MX
2025-04,AMXB.MX
2025-04,AMZN.MX
2025-04,ASURB.MX
2025-04,AVGO.MX
2025-04,AXP.MX
2025-04,AXTELCPO.MX
2025-04,BA.MX
2025-04,BAC.MX
2025-04,BBAJIOO.MX
2025-04,BBVA.MX
2025-04,BIMBOA.MX
2025-04,BOLSAA.MX
2025-04,BRKB.MX
2025-04,C.MX
2025-04,CEMEXCPO.MX
2025-04,CHDRAUIB.MX
2025-04,CMG.MX
2025-04,COIN.MX
2025-04,COST.MX
2025-04,CRM.MX
2025-04,CRWD.MX
2025-04,CUERVO.MX
2025-04,DANHOS13.MX
2025-04,DELLC.MX
2025-04,DIS.MX
2025-04,FEMSAUBD.MX
2025-04,FIBRAPL14.MX
2025-04,FIHO12.MX
2025-04,FMTY14.MX
2025-04,FSLR.MX
2025-04,FUNO11.MX
2025-04,GAPB.MX
2025-04,GCARSOA1.MX
2025-04,GCC.MX
2025-04,GENTERA.MX
2025-04,GFINBURO.MX
2025-04,GFNORTEO.MX
2025-04,GMEXICOB.MX
2025-04,GOOG.MX
2025-04,GOOGL.MX
2025-04,GRUMAB.MX
2025-04,HD.MX
2025-04,HOOD.MX
2025-04,INTC.MX
2025-04,JNJ.MX
2025-04,JPM.MX
2025-04,KIMBERA.MX
2025-04,KO.MX
2025-04,KOFUBL.MX
2025-04,LABB.MX
2025-04,LACOMERUBC.MX
2025-04,LIVEPOLC-1.MX
2025-04,LLY.MX
2025-04,MEGACPO.MX
2025-04,META.MX
2025-04,MRK.MX
2025-04,MRNA.MX
2025-04,MSFT.MX
2025-04,MSTR.MX
2025-04,MU.MX
2025-04,NEMAKA.MX
2025-04,NFLX.MX
2025-04,NKE.MX
2025-04,NVDA.MX
2025-04,OMAB.MX
2025-04,ORBIA.MX
2025-04,ORCL.MX
2025-04,PEP.MX
2025-04,PFE.MX
2025-04,PINFRA.MX
2025-04,PLTR.MX
2025-04,PYPL.MX
2025-04,Q.MX
2025-04,QCOM.MX
2025-04,RA.MX
2025-04,RIVN.MX
2025-04,SMCI.MX
2025-04,SOFI.MX
2025-04,TGT.MX
2025-04,TSLA.MX
2025-04,UBER.MX
2025-04,UNH.MX
2025-04,V.MX
2025-04,VESTA.MX
2025-04,VOLARA.MX
2025-04,VST.MX
2025-04,WALMEX.MX
2025-04,WMT.MX
2025-05,AAPL.MX
2025-05,AC.MX
2025-05,ADBE.MX
2025-05,AGUA.MX
2025-05,ALPEKA.MX
2025-05,ALSEA.MX
2025-05,AMD.MX
2025-05,AMXB.MX
2025-05,AMZN.MX
2025-05,ASURB.MX
2025-05,AVGO.MX
2025-05,AXP.MX
2025-05,AXTELCPO.MX
2025-05,BAC.MX
2025-05,BBAJIOO.MX
2025-05,BBVA.MX
2025-05,BIMBOA.MX
2025-05,BOLSAA.MX
2025-05,BRKB.MX
2025-05,C.MX
2025-05,CEMEXCPO.MX
2025-05,CHDRAUIB.MX
2025-05,CMG.MX
2025-05,COIN.MX
2025-05,COST.MX
2025-05,CRM.MX
2025-05,CRWD.MX
2025-05,CUERVO.MX
2025-05,DANHOS13.MX
2025-05,DELLC.MX
2025-05,DIS.MX
2025-05,FEMSAUBD.MX
2025-05,FIBRAPL14.MX
2025-05,FMTY14.MX
2025-05,FSLR.MX
2025-05,FUNO11.MX
2025-05,GAPB.MX
2025-05,GCARSOA1.MX
2025-05,GCC.MX
2025-05,GENTERA.MX
2025-05,GFINBURO.MX
2025-05,GFNORTEO.MX
2025-05,GMEXICOB.MX
2025-05,GOOG.MX
2025-05,GOOGL.MX
2025-05,GRUMAB.MX
2025-05,HOOD.MX
2025-05,INTC.MX
2025-05,JPM.MX
2025-05,KIMBERA.MX
2025-05,KO.MX
2025-05,KOFUBL.MX
2025-05,LABB.MX
2025-05,LACOMERUBC.MX
2025-05,LIVEPOLC-1.MX
2025-05,LLY.MX
2025-05,MEGACPO.MX
2025-05,META.MX
2025-05,MRK.MX
2025-05,MRNA.MX
2025-05,MSFT.MX
2025-05,MSTR.MX
2025-05,MU.MX
2025-05,NEMAKA.MX
2025-05,NFLX.MX
2025-05,NKE.MX
2025-05,NVDA.MX
2025-05,OMAB.MX
2025-05,ORBIA.MX
2025-05,ORCL.MX
2025-05,PEP.MX
2025-05,PFE.MX
2025-05,PG.MX
2025-05,PINFRA.MX
2025-05,PLTR.MX
2025-05,PYPL.MX
2025-05,Q.MX
2025-05,QCOM.MX
2025-05,RA.MX
2025-05,RIVN.MX
2025-05,SBUX.MX
2025-05,SMCI.MX
2025-05,SOFI.MX
2025-05,TGT.MX
2025-05,TSLA.MX
2025-05,UBER.MX
2025-05,UNH.MX
2025-05,V.MX
2025-05,VESTA.MX
2025-05,VOLARA.MX
2025-05,WALMEX.MX
2025-05,WMT.MX
2025-06,AAPL.MX
2025-06,AC.MX
2025-06,ADBE.MX
2025-06,AGUA.MX
2025-06,ALPEKA.MX
2025-06,ALSEA.MX
2025-06,AMD.MX
2025-06,AMXB.MX
2025-06,AMZN.MX
2025-06,ASURB.MX
2025-06,AVGO.MX
2025-06,AXP.MX
2025-06,AXTELCPO.MX
2025-06,BAC.MX
2025-06,BBAJIOO.MX
2025-06,BBVA.MX
2025-06,BIMBOA.MX
2025-06,BOLSAA.MX
2025-06,BRKB.MX
2025-06,C.MX
2025-06,CEMEXCPO.MX
2025-06,CHDRAUIB.MX
2025-06,CMG.MX
2025-06,COIN.MX
2025-06,COST.MX
2025-06,CRM.MX
2025-06,CRWD.MX
2025-06,CUERVO.MX
2025-06,DANHOS13.MX
2025-06,DELLC.MX
2025-06,DIS.MX
2025-06,FEMSAUBD.MX
2025-06,FIBRAPL14.MX
2025-06,FMTY14.MX
2025-06,FSLR.MX
2025-06,FUNO11.MX
2025-06,GAPB.MX
2025-06,GCARSOA1.MX
2025-06,GCC.MX
2025-06,GENTERA.MX
2025-06,GFINBURO.MX
2025-06,GFNORTEO.MX
2025-06,GMEXICOB.MX
2025-06,GOOG.MX
2025-06,GOOGL.MX
2025-06,GRUMAB.MX
2025-06,HOOD.MX
2025-06,INTC.MX
2025-06,JPM.MX
2025-06,KIMBERA.MX
2025-06,KO.MX
2025-06,KOFUBL.MX
2025-06,LABB.MX
2025-06,LACOMERUBC.MX
2025-06,LIVEPOLC-1.MX
2025-06,LLY.MX
2025-06,MEGACPO.MX
2025-06,META.MX
2025-06,MRK.MX
2025-06,MSFT.MX
2025-06,MSTR.MX
2025-06,MU.MX
2025-06,NEMAKA.MX
2025-06,NFLX.MX
2025-06,NKE.MX
2025-06,NVDA.MX
2025-06,OMAB.MX
2025-06,ORBIA.MX
2025-06,ORCL.MX
2025-06,PEP.MX
2025-06,PFE.MX
2025-06,PINFRA.MX
2025-06,PLTR.MX
2025-06,PYPL.MX
2025-06,Q.MX
2025-06,QCOM.MX
2025-06,RA.MX
2025-06,SBUX.MX
2025-06,SMCI.MX
2025-06,SOFI.MX
2025-06,TGT.MX
2025-06,TSLA.MX
2025-06,UAL.MX
2025-06,UBER.MX
2025-06,UNH.MX
2025-06,V.MX
2025-06,VESTA.MX
2025-06,VOLARA.MX
2025-06,WALMEX.MX
2025-06,WMT.MX
2025-07,AAPL.MX
2025-07,AC.MX
2025-07,ADBE.MX
2025-07,AGUA.MX
2025-07,ALPEKA.MX
2025-07,ALSEA.MX
2025-07,AMD.MX
2025-07,AMXB.MX
2025-07,AMZN.MX
2025-07,APP.MX
2025-07,ASURB.MX
2025-07,AVGO.MX
2025-07,AXTELCPO.MX
2025-07,BAC.MX
2025-07,BBAJIOO.MX
2025-07,BBVA.MX
2025-07,BIMBOA.MX
2025-07,BOLSAA.MX
2025-07,BRKB.MX
2025-07,C.MX
2025-07,CEMEXCPO.MX
2025-07,CHDRAUIB.MX
2025-07,CMG.MX
2025-07,COIN.MX
2025-07,CRM.MX
2025-07,CRWD.MX
2025-07,CUERVO.MX
2025-07,CVX.MX
2025-07,DANHOS13.MX
2025-07,DIS.MX
2025-07,FEMSAUBD.MX
2025-07,FIBRAPL14.MX
2025-07,FMTY14.MX
2025-07,FSLR.MX
2025-07,FUNO11.MX
2025-07,GAPB.MX
2025-07,GCARSOA1.MX
2025-07,GCC.MX
2025-07,GENTERA.MX
2025-07,GFINBURO.MX
2025-07,GFNORTEO.MX
2025-07,GMEXICOB.MX
2025-07,GOOG.MX
2025-07,GOOGL.MX
2025-07,GRUMAB.MX
2025-07,HOOD.MX
2025-07,INTC.MX
2025-07,KIMBERA.MX
2025-07,KO.MX
2025-07,KOFUBL.MX
2025-07,LABB.MX
2025-07,LACOMERUBC.MX
2025-07,LIVEPOLC-1.MX
2025-07,LLY.MX
2025-07,LULU.MX
2025-07,MEGACPO.MX
2025-07,META.MX
2025-07,MRK.MX
2025-07,MSFT.MX
2025-07,MSTR.MX
2025-07,MU.MX
2025-07,NEMAKA.MX
2025-07,NFLX.MX
2025-07,NKE.MX
2025-07,NVDA.MX
2025-07,OMAB.MX
2025-07,ORBIA.MX
2025-07,ORCL.MX
2025-07,PEP.MX
2025-07,PFE.MX
2025-07,PINFRA.MX
2025-07,PLTR.MX
2025-07,PYPL.MX
2025-07,Q.MX
2025-07,QCOM.MX
2025-07,RA.MX
2025-07,RIVN.MX
2025-07,SMCI.MX
2025-07,SOFI.MX
2025-07,TGT.MX
2025-07,TSLA.MX
2025-07,UBER.MX
2025-07,UNH.MX
2025-07,V.MX
2025-07,VESTA.MX
2025-07,VOLARA.MX
2025-07,WALMEX.MX
2025-07,WMT.MX
2025-08,AAPL.MX
2025-08,AC.MX
2025-08,ADBE.MX
2025-08,AGUA.MX
2025-08,ALPEKA.MX
2025-08,ALSEA.MX
2025-08,AMD.MX
2025-08,AMXB.MX
2025-08,AMZN.MX
2025-08,ASURB.MX
2025-08,AVGO.MX
2025-08,AXTELCPO.MX
2025-08,BAC.MX
2025-08,BBAJIOO.MX
2025-08,BBVA.MX
2025-08,BIMBOA.MX
2025-08,BOLSAA.MX
2025-08,BRKB.MX
2025-08,C.MX
2025-08,CEMEXCPO.MX
2025-08,CHDRAUIB.MX
2025-08,CMG.MX
2025-08,COIN.MX
2025-08,CRM.MX
2025-08,CRWD.MX
2025-08,CUERVO.MX
2025-08,DANHOS13.MX
2025-08,DIS.MX
2025-08,FEMSAUBD.MX
2025-08,FIBRAPL14.MX
2025-08,FMTY14.MX
2025-08,FUNO11.MX
2025-08,GAPB.MX
2025-08,GCARSOA1.MX
2025-08,GCC.MX
2025-08,GENTERA.MX
2025-08,GFINBURO.MX
2025-08,GFNORTEO.MX
2025-08,GMEXICOB.MX
2025-08,GOOG.MX
2025-08,GOOGL.MX
2025-08,GRUMAB.MX
2025-08,HOOD.MX
2025-08,INTC.MX
2025-08,JPM.MX
2025-08,KIMBERA.MX
2025-08,KO.MX
2025-08,KOFUBL.MX
2025-08,LABB.MX
2025-08,LACOMERUBC.MX
2025-08,LIVEPOLC-1.MX
2025-08,LLY.MX
2025-08,LULU.MX
2025-08,MA.MX
2025-08,MEGACPO.MX
2025-08,META.MX
2025-08,MRK.MX
2025-08,MSFT.MX
2025-08,MSTR.MX
2025-08,MU.MX
2025-08,NEMAKA.MX
2025-08,NFLX.MX
2025-08,NKE.MX
2025-08,NVDA.MX
2025-08,OMAB.MX
2025-08,ORBIA.MX
2025-08,ORCL.MX
2025-08,PANW.MX
2025-08,PEP.MX
2025-08,PFE.MX
2025-08,PINFRA.MX
2025-08,PLTR.MX
2025-08,PYPL.MX
2025-08,Q.MX
2025-08,QCOM.MX
2025-08,RA.MX
2025-08,RIVN.MX
2025-08,SMCI.MX
2025-08,SOFI.MX
2025-08,TGT.MX
2025-08,TSLA.MX
2025-08,UBER.MX
2025-08,UNH.MX
2025-08,V.MX
2025-08,VESTA.MX
2025-08,VOLARA.MX
2025-08,WALMEX.MX
2025-08,WMT.MX
2025-09,AAPL.MX
2025-09,AC.MX
2025-09,ADBE.MX
2025-09,AGUA.MX
2025-09,ALPEKA.MX
2025-09,ALSEA.MX
2025-09,AMAT.MX
2025-09,AMD.MX
2025-09,AMXB.MX
2025-09,AMZN.MX
2025-09,ASURB.MX
2025-09,AVGO.MX
2025-09,AXTELCPO.MX
2025-09,BAC.MX
2025-09,BBAJIOO.MX
2025-09,BBVA.MX
2025-09,BIMBOA.MX
2025-09,BOLSAA.MX
2025-09,BRKB.MX
2025-09,C.MX
2025-09,CEMEXCPO.MX
2025-09,CHDRAUIB.MX
2025-09,CMG.MX
2025-09,COIN.MX
2025-09,COST.MX
2025-09,CRM.MX
2025-09,CRWD.MX
2025-09,CUERVO.MX
2025-09,DANHOS13.MX
2025-09,DIS.MX
2025-09,FEMSAUBD.MX
2025-09,FIBRAPL14.MX
2025-09,FMTY14.MX
2025-09,FUNO11.MX
2025-09,GAPB.MX
2025-09,GCARSOA1.MX
2025-09,GCC.MX
2025-09,GENTERA.MX
2025-09,GFINBURO.MX
2025-09,GFNORTEO.MX
2025-09,GMEXICOB.MX
2025-09,GOOG.MX
2025-09,GOOGL.MX
2025-09,GRUMAB.MX
2025-09,HOOD.MX
2025-09,INTC.MX
2025-09,JPM.MX
2025-09,KIMBERA.MX
2025-09,KO.MX
2025-09,KOFUBL.MX
2025-09,LABB.MX
2025-09,LACOMERUBC.MX
2025-09,LIVEPOLC-1.MX
2025-09,LLY.MX
2025-09,LULU.MX
2025-09,MA.MX
2025-09,MEGACPO.MX
2025-09,META.MX
2025-09,MRK.MX
2025-09,MSFT.MX
2025-09,MSTR.MX
2025-09,MU.MX
2025-09,NEMAKA.MX
2025-09,NFLX.MX
2025-09,NKE.MX
2025-09,NVDA.MX
2025-09,OMAB.MX
2025-09,ORBIA.MX
2025-09,ORCL.MX
2025-09,PANW.MX
2025-09,PEP.MX
2025-09,PFE.MX
2025-09,PINFRA.MX
2025-09,PLTR.MX
2025-09,PYPL.MX
2025-09,Q.MX
2025-09,QCOM.MX
2025-09,RA.MX
2025-09,RIVN.MX
2025-09,SMCI.MX
2025-09,SOFI.MX
2025-09,TGT.MX
2025-09,TSLA.MX
2025-09,UBER.MX
2025-09,UNH.MX
2025-09,V.MX
2025-09,VESTA.MX
2025-09,VOLARA.MX
2025-09,WALMEX.MX
2025-09,WMT.MX
2025-10,AAPL.MX
2025-10,AC.MX
2025-10,ADBE.MX
2025-10,AGUA.MX
2025-10,ALPEKA.MX
2025-10,ALSEA.MX
2025-10,AMAT.MX
2025-10,AMD.MX
2025-10,AMXB.MX
2025-10,AMZN.MX
2025-10,ASTS.MX
2025-10,ASURB.MX
2025-10,AVGO.MX
2025-10,AXTELCPO.MX
2025-10,BAC.MX
2025-10,BBAJIOO.MX
2025-10,BBVA.MX
2025-10,BIMBOA.MX
2025-10,BOLSAA.MX
2025-10,BRKB.MX
2025-10,C.MX
2025-10,CEMEXCPO.MX
2025-10,CHDRAUIB.MX
2025-10,CMG.MX
2025-10,COIN.MX
2025-10,COST.MX
2025-10,CRM.MX
2025-10,CRWD.MX
2025-10,CUERVO.MX
2025-10,DANHOS13.MX
2025-10,DIS.MX
2025-10,FEMSAUBD.MX
2025-10,FIBRAPL14.MX
2025-10,FMTY14.MX
2025-10,FUNO11.MX
2025-10,GAPB.MX
2025-10,GCARSOA1.MX
2025-10,GCC.MX
2025-10,GENTERA.MX
2025-10,GFINBURO.MX
2025-10,GFNORTEO.MX
2025-10,GMEXICOB.MX
2025-10,GOOG.MX
2025-10,GOOGL.MX
2025-10,GRUMAB.MX
2025-10,HOOD.MX
2025-10,INTC.MX
2025-10,JNJ.MX
2025-10,JPM.MX
2025-10,KIMBERA.MX
2025-10,KO.MX
2025-10,KOFUBL.MX
2025-10,LABB.MX
2025-10,LACOMERUBC.MX
2025-10,LIVEPOLC-1.MX
2025-10,LLY.MX
2025-10,LULU.MX
2025-10,MA.MX
2025-10,MEGACPO.MX
2025-10,META.MX
2025-10,MRK.MX
2025-10,MRNA.MX
2025-10,MSFT.MX
2025-10,MSTR.MX
2025-10,MU.MX
2025-10,NEMAKA.MX
2025-10,NFLX.MX
2025-10,NKE.MX
2025-10,NVDA.MX
2025-10,OMAB.MX
2025-10,ORBIA.MX
2025-10,ORCL.MX
2025-10,PANW.MX
2025-10,PEP.MX
2025-10,PFE.MX
2025-10,PINFRA.MX
2025-10,PLTR.MX
2025-10,PYPL.MX
2025-10,Q.MX
2025-10,QCOM.MX
2025-10,RA.MX
2025-10,RIVN.MX
2025-10,SBUX.MX
2025-10,SMCI.MX
2025-10,SOFI.MX
2025-10,TGT.MX
2025-10,TSLA.MX
2025-10,UBER.MX
2025-10,UNH.MX
2025-10,V.MX
2025-10,VESTA.MX
2025-10,VOLARA.MX
2025-10,WALMEX.MX
2025-10,WMT.MX
2025-11,AAPL.MX
2025-11,ABNB.MX
2025-11,AC.MX
2025-11,ADBE.MX
2025-11,AGUA.MX
2025-11,ALPEKA.MX
2025-11,ALSEA.MX
2025-11,AMAT.MX
2025-11,AMD.MX
2025-11,AMXB.MX
2025-11,AMZN.MX
2025-11,ANET.MX
2025-11,APP.MX
2025-11,ASTS.MX
2025-11,ASURB.MX
2025-11,AVGO.MX
2025-11,AXP.MX
2025-11,AXTELCPO.MX
2025-11,BAC.MX
2025-11,BBAJIOO.MX
2025-11,BBVA.MX
2025-11,BIMBOA.MX
2025-11,BOLSAA.MX
2025-11,BRKB.MX
2025-11,C.MX
2025-11,CEMEXCPO.MX
2025-11,CHDRAUIB.MX
2025-11,CMG.MX
2025-11,COIN.MX
2025-11,COST.MX
2025-11,CRM.MX
2025-11,CUERVO.MX
2025-11,DANHOS13.MX
2025-11,DELLC.MX
2025-11,DIS.MX
2025-11,FEMSAUBD.MX
2025-11,FIBRAPL14.MX
2025-11,FMTY14.MX
2025-11,FUNO11.MX
2025-11,GAPB.MX
2025-11,GCARSOA1.MX
2025-11,GCC.MX
2025-11,GENTERA.MX
2025-11,GFINBURO.MX
2025-11,GFNORTEO.MX
2025-11,GMEXICOB.MX
2025-11,GOOG.MX
2025-11,GOOGL.MX
2025-11,GRUMAB.MX
2025-11,HOOD.MX
2025-11,INTC.MX
2025-11,JPM.MX
2025-11,KIMBERA.MX
2025-11,KO.MX
2025-11,KOFUBL.MX
2025-11,LABB.MX
2025-11,LACOMERUBC.MX
2025-11,LIVEPOLC-1.MX
2025-11,LLY.MX
2025-11,LULU.MX
2025-11,MA.MX
2025-11,MEGACPO.MX
2025-11,META.MX
2025-11,MRK.MX
2025-11,MRNA.MX
2025-11,MSFT.MX
2025-11,MSTR.MX
2025-11,MU.MX
2025-11,NEMAKA.MX
2025-11,NFLX.MX
2025-11,NKE.MX
2025-11,NVDA.MX
2025-11,OMAB.MX
2025-11,ORBIA.MX
2025-11,ORCL.MX
2025-11,PANW.MX
2025-11,PEP.MX
2025-11,PFE.MX
2025-11,PG.MX
2025-11,PINFRA.MX
2025-11,PLTR.MX
2025-11,PYPL.MX
2025-11,Q.MX
2025-11,QCOM.MX
2025-11,RA.MX
2025-11,RIVN.MX
2025-11,SBUX.MX
2025-11,SMCI.MX
2025-11,SOFI.MX
2025-11,STZ.MX
2025-11,TGT.MX
2025-11,TSLA.MX
2025-11,UBER.MX
2025-11,UNH.MX
2025-11,UPS.MX
2025-11,V.MX
2025-11,VESTA.MX
2025-11,VOLARA.MX
2025-11,WALMEX.MX
2025-11,WMT.MX
2025-12,AAPL.MX
2025-12,AC.MX
2025-12,ADBE.MX
2025-12,AGUA.MX
2025-12,ALPEKA.MX
2025-12,ALSEA.MX
2025-12,AMAT.MX
2025-12,AMD.MX
2025-12,AMXB.MX
2025-12,AMZN.MX
2025-12,ANET.MX
2025-12,ASTS.MX
2025-12,ASURB.MX
2025-12,AVGO.MX
2025-12,AXP.MX
2025-12,AXTELCPO.MX
2025-12,BAC.MX
2025-12,BBAJIOO.MX
2025-12,BBVA.MX
2025-12,BIMBOA.MX
2025-12,BOLSAA.MX
2025-12,BRKB.MX
2025-12,C.MX
2025-12,CEMEXCPO.MX
2025-12,CHDRAUIB.MX
2025-12,CMG.MX
2025-12,COIN.MX
2025-12,COST.MX
2025-12,CRM.MX
2025-12,CUERVO.MX
2025-12,DANHOS13.MX
2025-12,DELLC.MX
2025-12,DIS.MX
2025-12,FEMSAUBD.MX
2025-12,FIBRAPL14.MX
2025-12,FMTY14.MX
2025-12,FUNO11.MX
2025-12,GAPB.MX
2025-12,GCARSOA1.MX
2025-12,GCC.MX
2025-12,GENTERA.MX
2025-12,GFINBURO.MX
2025-12,GFNORTEO.MX
2025-12,GMEXICOB.MX
2025-12,GOOG.MX
2025-12,GOOGL.MX
2025-12,GRUMAB.MX
2025-12,HOOD.MX
2025-12,INTC.MX
2025-12,JPM.MX
2025-12,KIMBERA.MX
2025-12,KO.MX
2025-12,KOFUBL.MX
2025-12,LABB.MX
2025-12,LACOMERUBC.MX
2025-12,LIVEPOLC-1.MX
2025-12,LLY.MX
2025-12,LULU.MX
2025-12,MA.MX
2025-12,MEGACPO.MX
2025-12,META.MX
2025-12,MRK.MX
2025-12,MRNA.MX
2025-12,MSFT.MX
2025-12,MSTR.MX
2025-12,MU.MX
2025-12,NEMAKA.MX
2025-12,NFLX.MX
2025-12,NKE.MX
2025-12,NVDA.MX
2025-12,OMAB.MX
2025-12,ORBIA.MX
2025-12,ORCL.MX
2025-12,PANW.MX
2025-12,PEP.MX
2025-12,PFE.MX
2025-12,PG.MX
2025-12,PINFRA.MX
2025-12,PLTR.MX
2025-12,PYPL.MX
2025-12,Q.MX
2025-12,QCOM.MX
2025-12,RA.MX
2025-12,RIVN.MX
2025-12,SBUX.MX
2025-12,SMCI.MX
2025-12,SOFI.MX
2025-12,STZ.MX
2025-12,TGT.MX
2025-12,TSLA.MX
2025-12,UBER.MX
2025-12,UNH.MX
2025-12,V.MX
2025-12,VESTA.MX
2025-12,VOLARA.MX
2025-12,WALMEX.MX
2025-12,WMT.MX
2026-01,AAPL.MX
2026-01,AC.MX
2026-01,ADBE.MX
2026-01,AGUA.MX
2026-01,ALPEKA.MX
2026-01,ALSEA.MX
2026-01,AMD.MX
2026-01,AMXB.MX
2026-01,AMZN.MX
2026-01,ANET.MX
2026-01,ASTS.MX
2026-01,ASURB.MX
2026-01,AVGO.MX
2026-01,AXTELCPO.MX
2026-01,BBAJIOO.MX
2026-01,BBVA.MX
2026-01,BIMBOA.MX
2026-01,BOLSAA.MX
2026-01,BRKB.MX
2026-01,C.MX
2026-01,CEMEXCPO.MX
2026-01,CHDRAUIB.MX
2026-01,CMG.MX
2026-01,COIN.MX
2026-01,COST.MX
2026-01,CRM.MX
2026-01,CUERVO.MX
2026-01,DANHOS13.MX
2026-01,DIS.MX
2026-01,FEMSAUBD.MX
2026-01,FIBRAPL14.MX
2026-01,FMTY14.MX
2026-01,FUNO11.MX
2026-01,GAPB.MX
2026-01,GCARSOA1.MX
2026-01,GCC.MX
2026-01,GENTERA.MX
2026-01,GFINBURO.MX
2026-01,GFNORTEO.MX
2026-01,GMEXICOB.MX
2026-01,GOOG.MX
2026-01,GOOGL.MX
2026-01,GRUMAB.MX
2026-01,HOOD.MX
2026-01,INTC.MX
2026-01,JPM.MX
2026-01,KIMBERA.MX
2026-01,KO.MX
2026-01,KOFUBL.MX
2026-01,LABB.MX
2026-01,LACOMERUBC.MX
2026-01,LIVEPOLC-1.MX
2026-01,LLY.MX
2026-01,LULU.MX
2026-01,MA.MX
2026-01,MEGACPO.MX
2026-01,META.MX
2026-01,MRK.MX
2026-01,MRNA.MX
2026-01,MSFT.MX
2026-01,MSTR.MX
2026-01,MU.MX
2026-01,NEMAKA.MX
2026-01,NFLX.MX
2026-01,NKE.MX
2026-01,NVDA.MX
2026-01,OMAB.MX
2026-01,ORBIA.MX
2026-01,ORCL.MX
2026-01,PEP.MX
2026-01,PFE.MX
2026-01,PG.MX
2026-01,PINFRA.MX
2026-01,PLTR.MX
2026-01,PYPL.MX
2026-01,Q.MX
2026-01,QCOM.MX
2026-01,RA.MX
2026-01,RIVN.MX
2026-01,SBUX.MX
2026-01,SMCI.MX
2026-01,SOFI.MX
2026-01,STZ.MX
2026-01,TGT.MX
2026-01,TSLA.MX
2026-01,UBER.MX
2026-01,UNH.MX
2026-01,V.MX
2026-01,VESTA.MX
2026-01,VOLARA.MX
2026-01,VST.MX
2026-01,WALMEX.MX
2026-01,WMT.MX
2026-02,AAPL.MX
2026-02,AC.MX
2026-02,ADBE.MX
2026-02,AGUA.MX
2026-02,ALAB.MX
2026-02,ALPEKA.MX
2026-02,ALSEA.MX
2026-02,AMD.MX
2026-02,AMXB.MX
2026-02,AMZN.MX
2026-02,ASTS.MX
2026-02,ASURB.MX
2026-02,AVGO.MX
2026-02,AXTELCPO.MX
2026-02,BBAJIOO.MX
2026-02,BBVA.MX
2026-02,BE.MX
2026-02,BIMBOA.MX
2026-02,BOLSAA.MX
2026-02,BRKB.MX
2026-02,C.MX
2026-02,CEMEXCPO.MX
2026-02,CHDRAUIB.MX
2026-02,CMG.MX
2026-02,COIN.MX
2026-02,COST.MX
2026-02,CRM.MX
2026-02,CUERVO.MX
2026-02,DANHOS13.MX
2026-02,DIS.MX
2026-02,FEMSAUBD.MX
2026-02,FIBRAPL14.MX
2026-02,FMTY14.MX
2026-02,FUNO11.MX
2026-02,GAPB.MX
2026-02,GCARSOA1.MX
2026-02,GCC.MX
2026-02,GENTERA.MX
2026-02,GFINBURO.MX
2026-02,GFNORTEO.MX
2026-02,GMEXICOB.MX
2026-02,GOOG.MX
2026-02,GOOGL.MX
2026-02,GRUMAB.MX
2026-02,HOOD.MX
2026-02,INTC.MX
2026-02,JPM.MX
2026-02,KIMBERA.MX
2026-02,KO.MX
2026-02,KOFUBL.MX
2026-02,LABB.MX
2026-02,LACOMERUBC.MX
2026-02,LIVEPOLC-1.MX
2026-02,LLY.MX
2026-02,LULU.MX
2026-02,MA.MX
2026-02,MEGACPO.MX
2026-02,META.MX
2026-02,MRK.MX
2026-02,MRNA.MX
2026-02,MSFT.MX
2026-02,MSTR.MX
2026-02,MU.MX
2026-02,NEMAKA.MX
2026-02,NFLX.MX
2026-02,NKE.MX
2026-02,NVDA.MX
2026-02,OMAB.MX
2026-02,ORBIA.MX
2026-02,ORCL.MX
2026-02,PEP.MX
2026-02,PFE.MX
2026-02,PG.MX
2026-02,PINFRA.MX
2026-02,PLTR.MX
2026-02,PYPL.MX
2026-02,Q.MX
2026-02,QCOM.MX
2026-02,RA.MX
2026-02,SBUX.MX
2026-02,SMCI.MX
2026-02,SNOW.MX
2026-02,SOFI.MX
2026-02,STZ.MX
2026-02,TGT.MX
2026-02,TSLA.MX
2026-02,UBER.MX
2026-02,UNH.MX
2026-02,V.MX
2026-02,VESTA.MX
2026-02,VOLARA.MX
2026-02,WALMEX.MX
2026-02,WMT.MX
2026-03,AAPL.MX
2026-03,AC.MX
2026-03,ADBE.MX
2026-03,AGUA.MX
2026-03,ALAB.MX
2026-03,ALPEKA.MX
2026-03,ALSEA.MX
2026-03,AMD.MX
2026-03,AMXB.MX
2026-03,AMZN.MX
2026-03,ASTS.MX
2026-03,ASURB.MX
2026-03,AVGO.MX
2026-03,AXTELCPO.MX
2026-03,BAC.MX
2026-03,BBAJIOO.MX
2026-03,BBVA.MX
2026-03,BE.MX
2026-03,BIMBOA.MX
2026-03,BOLSAA.MX
2026-03,BRKB.MX
2026-03,C.MX
2026-03,CEG.MX
2026-03,CEMEXCPO.MX
2026-03,CHDRAUIB.MX
2026-03,COIN.MX
2026-03,COST.MX
2026-03,CRM.MX
2026-03,CUERVO.MX
2026-03,DANHOS13.MX
2026-03,DIS.MX
2026-03,FEMSAUBD.MX
2026-03,FIBRAPL14.MX
2026-03,FMTY14.MX
2026-03,FUNO11.MX
2026-03,GAPB.MX
2026-03,GCARSOA1.MX
2026-03,GCC.MX
2026-03,GENTERA.MX
2026-03,GFINBURO.MX
2026-03,GFNORTEO.MX
2026-03,GMEXICOB.MX
2026-03,GOOG.MX
2026-03,GOOGL.MX
2026-03,GRUMAB.MX
2026-03,HOOD.MX
2026-03,INTC.MX
2026-03,JPM.MX
2026-03,KIMBERA.MX
2026-03,KO.MX
2026-03,KOFUBL.MX
2026-03,LABB.MX
2026-03,LACOMERUBC.MX
2026-03,LIVEPOLC-1.MX
2026-03,LLY.MX
2026-03,LULU.MX
2026-03,MA.MX
2026-03,MEGACPO.MX
2026-03,META.MX
2026-03,MRK.MX
2026-03,MRNA.MX
2026-03,MSFT.MX
2026-03,MSTR.MX
2026-03,MU.MX
2026-03,NEM.MX
2026-03,NEMAKA.MX
2026-03,NFLX.MX
2026-03,NKE.MX
2026-03,NOWW.MX
2026-03,NVDA.MX
2026-03,OMAB.MX
2026-03,ORBIA.MX
2026-03,ORCL.MX
2026-03,PEP.MX
2026-03,PFE.MX
2026-03,PG.MX
2026-03,PINFRA.MX
2026-03,PLTR.MX
2026-03,PYPL.MX
2026-03,Q.MX
2026-03,QCOM.MX
2026-03,RA.MX
2026-03,SBUX.MX
2026-03,SMCI.MX
2026-03,SOFI.MX
2026-03,STZ.MX
2026-03,TSLA.MX
2026-03,UBER.MX
2026-03,UNH.MX
2026-03,V.MX
2026-03,VESTA.MX
2026-03,VOLARA.MX
2026-03,WALMEX.MX
2026-03,WMT.MX
2026-03,XOM.MX
2026-04,AAPL.MX
2026-04,AC.MX
2026-04,ADBE.MX
2026-04,AGUA.MX
2026-04,ALPEKA.MX
2026-04,ALSEA.MX
2026-04,AMD.MX
2026-04,AMXB.MX
2026-04,AMZN.MX
2026-04,APP.MX
2026-04,ASTS.MX
2026-04,ASURB.MX
2026-04,AVGO.MX
2026-04,AXP.MX
2026-04,AXTELCPO.MX
2026-04,BAC.MX
2026-04,BBAJIOO.MX
2026-04,BBVA.MX
2026-04,BE.MX
2026-04,BIMBOA.MX
2026-04,BOLSAA.MX
2026-04,BRKB.MX
2026-04,C.MX
2026-04,CEMEXCPO.MX
2026-04,CHDRAUIB.MX
2026-04,COIN.MX
2026-04,COST.MX
2026-04,CRM.MX
2026-04,CUERVO.MX
2026-04,CVX.MX
2026-04,DANHOS13.MX
2026-04,DIS.MX
2026-04,FEMSAUBD.MX
2026-04,FIBRAPL14.MX
2026-04,FMTY14.MX
2026-04,FUNO11.MX
2026-04,GAPB.MX
2026-04,GCARSOA1.MX
2026-04,GCC.MX
2026-04,GENTERA.MX
2026-04,GFINBURO.MX
2026-04,GFNORTEO.MX
2026-04,GMEXICOB.MX
2026-04,GOOG.MX
2026-04,GOOGL.MX
2026-04,GRUMAB.MX
2026-04,HOOD.MX
2026-04,INTC.MX
2026-04,JPM.MX
2026-04,KIMBERA.MX
2026-04,KO.MX
2026-04,KOFUBL.MX
2026-04,LABB.MX
2026-04,LACOMERUBC.MX
2026-04,LIVEPOLC-1.MX
2026-04,LLY.MX
2026-04,LULU.MX
2026-04,MA.MX
2026-04,MEGACPO.MX
2026-04,META.MX
2026-04,MRNA.MX
2026-04,MSFT.MX
2026-04,MSTR.MX
2026-04,MU.MX
2026-04,NEM.MX
2026-04,NEMAKA.MX
2026-04,NFLX.MX
2026-04,NKE.MX
2026-04,NOWW.MX
2026-04,NVDA.MX
2026-04,OMAB.MX
2026-04,ORBIA.MX
2026-04,ORCL.MX
2026-04,PANW.MX
2026-04,PEP.MX
2026-04,PFE.MX
2026-04,PG.MX
2026-04,PINFRA.MX
2026-04,PLTR.MX
2026-04,PYPL.MX
2026-04,Q.MX
2026-04,QCOM.MX
2026-04,RA.MX
2026-04,SMCI.MX
2026-04,SOFI.MX
2026-04,TSLA.MX
2026-04,UBER.MX
2026-04,UNH.MX
2026-04,V.MX
2026-04,VESTA.MX
2026-04,VOLARA.MX
2026-04,WALMEX.MX
2026-04,WDC.MX
2026-04,WMT.MX
2026-04,XOM.MX
2026-05,AAPL.MX
2026-05,AC.MX
2026-05,ADBE.MX
2026-05,AGUA.MX
2026-05,ALPEKA.MX
2026-05,ALSEA.MX
2026-05,AMD.MX
2026-05,AMXB.MX
2026-05,AMZN.MX
2026-05,APP.MX
2026-05,ASTS.MX
2026-05,ASURB.MX
2026-05,AVGO.MX
2026-05,AXP.MX
2026-05,AXTELCPO.MX
2026-05,BAC.MX
2026-05,BBAJIOO.MX
2026-05,BBVA.MX
2026-05,BE.MX
2026-05,BIMBOA.MX
2026-05,BOLSAA.MX
2026-05,BRKB.MX
2026-05,C.MX
2026-05,CEMEXCPO.MX
2026-05,CHDRAUIB.MX
2026-05,COIN.MX
2026-05,COST.MX
2026-05,CRM.MX
2026-05,CRWD.MX
2026-05,CUERVO.MX
2026-05,CVX.MX
2026-05,DANHOS13.MX
2026-05,DIS.MX
2026-05,FEMSAUBD.MX
2026-05,FIBRAPL14.MX
2026-05,FMTY14.MX
2026-05,FUNO11.MX
2026-05,GAPB.MX
2026-05,GCARSOA1.MX
2026-05,GCC.MX
2026-05,GENTERA.MX
2026-05,GEV.MX
2026-05,GFINBURO.MX
2026-05,GFNORTEO.MX
2026-05,GMEXICOB.MX
2026-05,GOOG.MX
2026-05,GOOGL.MX
2026-05,GRUMAB.MX
2026-05,HOOD.MX
2026-05,INTC.MX
2026-05,JPM.MX
2026-05,KIMBERA.MX
2026-05,KO.MX
2026-05,KOFUBL.MX
2026-05,LABB.MX
2026-05,LACOMERUBC.MX
2026-05,LITE.MX
2026-05,LIVEPOLC-1.MX
2026-05,LLY.MX
2026-05,LRCX.MX
2026-05,LULU.MX
2026-05,MA.MX
2026-05,MEGACPO.MX
2026-05,META.MX
2026-05,MRK.MX
2026-05,MSFT.MX
2026-05,MSTR.MX
2026-05,MU.MX
2026-05,NEE.MX
2026-05,NEM.MX
2026-05,NEMAKA.MX
2026-05,NFLX.MX
2026-05,NKE.MX
2026-05,NOWW.MX
2026-05,NVDA.MX
2026-05,OMAB.MX
2026-05,ORBIA.MX
2026-05,ORCL.MX
2026-05,PANW.MX
2026-05,PFE.MX
2026-05,PG.MX
2026-05,PINFRA.MX
2026-05,PLTR.MX
2026-05,PYPL.MX
2026-05,Q.MX
2026-05,QCOM.MX
2026-05,RA.MX
2026-05,SMCI.MX
2026-05,SOFI.MX
2026-05,TSLA.MX
2026-05,UBER.MX
2026-05,UNH.MX
2026-05,V.MX
2026-05,VESTA.MX
2026-05,VOLARA.MX
2026-05,WALMEX.MX
2026-05,WDC.MX
2026-05,WMT.MX
2026-05,XOM.MX
2026-06,AAPL.MX
2026-06,AC.MX
2026-06,ADBE.MX
2026-06,AGUA.MX
2026-06,ALAB.MX
2026-06,ALPEKA.MX
2026-06,ALSEA.MX
2026-06,AMAT.MX
2026-06,AMD.MX
2026-06,AMXB.MX
2026-06,AMZN.MX
2026-06,ANET.MX
2026-06,APP.MX
2026-06,ASTS.MX
2026-06,ASURB.MX
2026-06,AVGO.MX
2026-06,AXP.MX
2026-06,AXTELCPO.MX
2026-06,BBAJIOO.MX
2026-06,BBVA.MX
2026-06,BE.MX
2026-06,BIMBOA.MX
2026-06,BOLSAA.MX
2026-06,BRKB.MX
2026-06,C.MX
2026-06,CEMEXCPO.MX
2026-06,CHDRAUIB.MX
2026-06,COIN.MX
2026-06,COST.MX
2026-06,CRM.MX
2026-06,CRWD.MX
2026-06,CUERVO.MX
2026-06,CVX.MX
2026-06,DANHOS13.MX
2026-06,DELLC.MX
2026-06,DIS.MX
2026-06,FEMSAUBD.MX
2026-06,FIBRAPL14.MX
2026-06,FMTY14.MX
2026-06,FUNO11.MX
2026-06,GAPB.MX
2026-06,GCARSOA1.MX
2026-06,GCC.MX
2026-06,GENTERA.MX
2026-06,GEV.MX
2026-06,GFINBURO.MX
2026-06,GFNORTEO.MX
2026-06,GMEXICOB.MX
2026-06,GOOG.MX
2026-06,GOOGL.MX
2026-06,GRUMAB.MX
2026-06,HOOD.MX
2026-06,INTC.MX
2026-06,JNJ.MX
2026-06,JPM.MX
2026-06,KIMBERA.MX
2026-06,KO.MX
2026-06,KOFUBL.MX
2026-06,LABB.MX
2026-06,LACOMERUBC.MX
2026-06,LITE.MX
2026-06,LIVEPOLC-1.MX
2026-06,LLY.MX
2026-06,LRCX.MX
2026-06,LULU.MX
2026-06,MA.MX
2026-06,MEGACPO.MX
2026-06,META.MX
2026-06,MRK.MX
2026-06,MSFT.MX
2026-06,MSTR.MX
2026-06,MU.MX
2026-06,NEM.MX
2026-06,NEMAKA.MX
2026-06,NFLX.MX
2026-06,NKE.MX
2026-06,NOWW.MX
2026-06,NVDA.MX
2026-06,OMAB.MX
2026-06,ORBIA.MX
2026-06,ORCL.MX
2026-06,PANW.MX
2026-06,PINFRA.MX
2026-06,PLTR.MX
2026-06,PYPL.MX
2026-06,Q.MX
2026-06,QCOM.MX
2026-06,RA.MX
2026-06,SMCI.MX
2026-06,SOFI.MX
2026-06,TSLA.MX
2026-06,UBER.MX
2026-06,UNH.MX
2026-06,V.MX
2026-06,VESTA.MX
2026-06,VOLARA.MX
2026-06,VST.MX
2026-06,WALMEX.MX
2026-06,WDC.MX
2026-06,WMT.MX
2026-06,XOM.MX
