provider_symbol,listing,sessions,coverage,start_gap_days,end_gap_days,admitted,reasons
A.MX,sic_or_unseried,373,0.9973,0,0,True,
AAPL.MX,sic_or_unseried,374,1.0000,0,0,True,
ABBV.MX,sic_or_unseried,374,1.0000,0,0,True,
ABNB.MX,sic_or_unseried,373,0.9973,0,0,True,
ABT.MX,sic_or_unseried,374,1.0000,0,0,True,
AC.MX,national,373,0.9973,0,0,True,
ADBE.MX,sic_or_unseried,374,1.0000,0,0,True,
ADI.MX,sic_or_unseried,373,0.9973,0,0,True,
ADM.MX,sic_or_unseried,373,0.9973,0,0,True,
ADSK.MX,sic_or_unseried,374,1.0000,0,0,True,
AEP.MX,sic_or_unseried,373,0.9973,0,0,True,
AFRM.MX,sic_or_unseried,373,0.9973,0,0,True,
AGNC.MX,sic_or_unseried,373,0.9973,0,0,True,
AGUA.MX,national,373,0.9973,0,0,True,
AHR.MX,sic_or_unseried,4,0.0107,539,0,False,coverage=0.01<0.95;listed_late_by=539d
AIG.MX,sic_or_unseried,373,0.9973,0,0,True,
AIZ.MX,sic_or_unseried,373,0.9973,0,0,True,
AJG.MX,sic_or_unseried,373,0.9973,0,0,True,
AKAM.MX,sic_or_unseried,373,0.9973,0,0,True,
ALAB.MX,sic_or_unseried,374,1.0000,0,0,True,
ALB.MX,sic_or_unseried,374,1.0000,0,0,True,
ALGN.MX,sic_or_unseried,373,0.9973,0,0,True,
ALNY.MX,sic_or_unseried,373,0.9973,0,0,True,
ALPEKA.MX,national,373,0.9973,0,0,True,
ALSEA.MX,national,373,0.9973,0,0,True,
AMAT.MX,sic_or_unseried,373,0.9973,0,0,True,
AMD.MX,sic_or_unseried,374,1.0000,0,0,True,
AME.MX,sic_or_unseried,373,0.9973,0,0,True,
AMGN.MX,sic_or_unseried,373,0.9973,0,0,True,
AMKR.MX,sic_or_unseried,104,0.2781,391,0,False,coverage=0.28<0.95;listed_late_by=391d
AMP.MX,sic_or_unseried,373,0.9973,0,0,True,
AMT.MX,sic_or_unseried,373,0.9973,0,0,True,
AMXB.MX,national,373,0.9973,0,0,True,
AMZN.MX,sic_or_unseried,374,1.0000,0,0,True,
ANB.MX,sic_or_unseried,373,0.9973,0,0,True,
ANET.MX,sic_or_unseried,374,1.0000,0,0,True,
APA.MX,sic_or_unseried,373,0.9973,0,0,True,
APD.MX,sic_or_unseried,373,0.9973,0,0,True,
APH.MX,sic_or_unseried,373,0.9973,0,0,True,
APP.MX,sic_or_unseried,373,0.9973,0,0,True,
ARMK.MX,sic_or_unseried,373,0.9973,0,0,True,
ASTS.MX,sic_or_unseried,374,1.0000,0,0,True,
ASURB.MX,national,373,0.9973,0,0,True,
ATI.MX,sic_or_unseried,165,0.4412,300,0,False,coverage=0.44<0.95;listed_late_by=300d
ATO.MX,sic_or_unseried,239,0.6390,195,0,False,coverage=0.64<0.95;listed_late_by=195d
AVB.MX,sic_or_unseried,373,0.9973,0,0,True,
AVGO.MX,sic_or_unseried,370,0.9893,0,0,True,
AWK.MX,sic_or_unseried,373,0.9973,0,0,True,
AXON.MX,sic_or_unseried,313,0.8369,88,0,False,coverage=0.84<0.95;listed_late_by=88d
AXP.MX,sic_or_unseried,374,1.0000,0,0,True,
AXTELCPO.MX,national,373,0.9973,0,0,True,
AZO.MX,sic_or_unseried,373,0.9973,0,0,True,
BA.MX,sic_or_unseried,373,0.9973,0,0,True,
BAC.MX,sic_or_unseried,373,0.9973,0,0,True,
BAX.MX,sic_or_unseried,373,0.9973,0,0,True,
BBAJIOO.MX,national,373,0.9973,0,0,True,
BBVA.MX,sic_or_unseried,373,0.9973,0,0,True,
BBY.MX,sic_or_unseried,373,0.9973,0,0,True,
BDX.MX,sic_or_unseried,373,0.9973,0,0,True,
BE.MX,sic_or_unseried,374,1.0000,0,0,True,
BEN.MX,sic_or_unseried,373,0.9973,0,0,True,
BIIB.MX,sic_or_unseried,373,0.9973,0,0,True,
BIMBOA.MX,national,373,0.9973,0,0,True,
BKNG.MX,sic_or_unseried,373,0.9973,0,0,True,
BKR.MX,sic_or_unseried,373,0.9973,0,0,True,
BLK.MX,sic_or_unseried,373,0.9973,0,0,True,
BMNR.MX,sic_or_unseried,200,0.5348,250,0,False,coverage=0.53<0.95;listed_late_by=250d
BMRN.MX,sic_or_unseried,373,0.9973,0,0,True,
BMY.MX,sic_or_unseried,373,0.9973,0,0,True,
BNS.MX,sic_or_unseried,373,0.9973,0,0,True,
BOLSAA.MX,national,373,0.9973,0,0,True,
BRKB.MX,sic_or_unseried,374,1.0000,0,0,True,
BRO.MX,sic_or_unseried,373,0.9973,0,0,True,
BSX.MX,sic_or_unseried,374,1.0000,0,0,True,
BURL.MX,sic_or_unseried,373,0.9973,0,0,True,
BWA.MX,sic_or_unseried,373,0.9973,0,0,True,
BWXT.MX,sic_or_unseried,373,0.9973,0,0,True,
BX.MX,sic_or_unseried,373,0.9973,0,0,True,
BXP.MX,sic_or_unseried,373,0.9973,0,0,True,
C.MX,sic_or_unseried,373,0.9973,0,0,True,
CAH.MX,sic_or_unseried,373,0.9973,0,0,True,
CARR.MX,sic_or_unseried,373,0.9973,0,0,True,
CASY.MX,sic_or_unseried,373,0.9973,0,0,True,
CAT.MX,sic_or_unseried,373,0.9973,0,0,True,
CBOE.MX,sic_or_unseried,373,0.9973,0,0,True,
CBRE.MX,sic_or_unseried,373,0.9973,0,0,True,
CDE.MX,sic_or_unseried,373,0.9973,0,0,True,
CDNS.MX,sic_or_unseried,373,0.9973,0,0,True,
CDW.MX,sic_or_unseried,373,0.9973,0,0,True,
CEG.MX,sic_or_unseried,373,0.9973,0,0,True,
CEMEXCPO.MX,national,373,0.9973,0,0,True,
CF.MX,sic_or_unseried,373,0.9973,0,0,True,
CFG.MX,sic_or_unseried,373,0.9973,0,0,True,
CG.MX,sic_or_unseried,373,0.9973,0,0,True,
CHD.MX,sic_or_unseried,373,0.9973,0,0,True,
CHDRAUIB.MX,national,373,0.9973,0,0,True,
CHRW.MX,sic_or_unseried,94,0.2513,406,0,False,coverage=0.25<0.95;listed_late_by=406d
CHTR.MX,sic_or_unseried,374,1.0000,0,0,True,
CI.MX,sic_or_unseried,373,0.9973,0,0,True,
CIEN.MX,sic_or_unseried,373,0.9973,0,0,True,
CL.MX,sic_or_unseried,373,0.9973,0,0,True,
CLX.MX,sic_or_unseried,373,0.9973,0,0,True,
CMCSA.MX,sic_or_unseried,374,1.0000,0,0,True,
CME.MX,sic_or_unseried,373,0.9973,0,0,True,
CMG.MX,sic_or_unseried,374,1.0000,0,0,True,
CMI.MX,sic_or_unseried,373,0.9973,0,0,True,
CNC.MX,sic_or_unseried,373,0.9973,0,0,True,
COF.MX,sic_or_unseried,373,0.9973,0,0,True,
COHR.MX,sic_or_unseried,93,0.2487,407,0,False,coverage=0.25<0.95;listed_late_by=407d
COIN.MX,sic_or_unseried,374,1.0000,0,0,True,
COO.MX,sic_or_unseried,373,0.9973,0,0,True,
COP.MX,sic_or_unseried,373,0.9973,0,0,True,
COR.MX,sic_or_unseried,373,0.9973,0,0,True,
COST.MX,sic_or_unseried,374,1.0000,0,0,True,
CPNG.MX,sic_or_unseried,373,0.9973,0,0,True,
CPRT.MX,sic_or_unseried,373,0.9973,0,0,True,
CRCL.MX,sic_or_unseried,173,0.4626,217,0,False,coverage=0.46<0.95;listed_late_by=217d
CRL.MX,sic_or_unseried,373,0.9973,0,0,True,
CRM.MX,sic_or_unseried,374,1.0000,0,0,True,
CRWD.MX,sic_or_unseried,374,1.0000,0,0,True,
CRWV.MX,sic_or_unseried,244,0.6524,189,0,False,coverage=0.65<0.95;listed_late_by=189d
CSCO.MX,sic_or_unseried,373,0.9973,0,0,True,
CSX.MX,sic_or_unseried,373,0.9973,0,0,True,
CTAS.MX,sic_or_unseried,373,0.9973,0,0,True,
CTSH.MX,sic_or_unseried,373,0.9973,0,0,True,
CTVA.MX,sic_or_unseried,373,0.9973,0,0,True,
CUERVO.MX,national,373,0.9973,0,0,True,
CVNA.MX,sic_or_unseried,374,1.0000,0,0,True,
CVS.MX,sic_or_unseried,373,0.9973,0,0,True,
CVX.MX,sic_or_unseried,373,0.9973,0,0,True,
D.MX,sic_or_unseried,373,0.9973,0,0,True,
DAL.MX,sic_or_unseried,374,1.0000,0,0,True,
DANHOS13.MX,national,373,0.9973,0,0,True,
DASH.MX,sic_or_unseried,373,0.9973,0,0,True,
DD.MX,sic_or_unseried,374,1.0000,0,0,True,
DDOG.MX,sic_or_unseried,374,1.0000,0,0,True,
DE.MX,sic_or_unseried,373,0.9973,0,0,True,
DELLC.MX,sic_or_unseried,374,1.0000,0,0,True,
DGG.MX,sic_or_unseried,373,0.9973,0,0,True,
DGX.MX,sic_or_unseried,373,0.9973,0,0,True,
DHI.MX,sic_or_unseried,373,0.9973,0,0,True,
DHR.MX,sic_or_unseried,373,0.9973,0,0,True,
DIS.MX,sic_or_unseried,374,1.0000,0,0,True,
DKS.MX,sic_or_unseried,65,0.1738,448,0,False,coverage=0.17<0.95;listed_late_by=448d
DLR.MX,sic_or_unseried,373,0.9973,0,0,True,
DLTR.MX,sic_or_unseried,373,0.9973,0,0,True,
DPZ.MX,sic_or_unseried,373,0.9973,0,0,True,
DUK.MX,sic_or_unseried,373,0.9973,0,0,True,
DVA.MX,sic_or_unseried,373,0.9973,0,0,True,
DVN.MX,sic_or_unseried,373,0.9973,0,0,True,
DXCM.MX,sic_or_unseried,373,0.9973,0,0,True,
EBAY.MX,sic_or_unseried,373,0.9973,0,0,True,
ECHO.MX,sic_or_unseried,42,0.1123,61,8,False,coverage=0.11<0.95;listed_late_by=61d;stopped_trading_early_by=8d
ECL.MX,sic_or_unseried,373,0.9973,0,0,True,
EFX.MX,sic_or_unseried,373,0.9973,0,0,True,
EHC.MX,sic_or_unseried,60,0.1604,459,0,False,coverage=0.16<0.95;listed_late_by=459d
EL.MX,sic_or_unseried,373,0.9973,0,0,True,
ELAN.MX,sic_or_unseried,373,0.9973,0,0,True,
ELV.MX,sic_or_unseried,373,0.9973,0,0,True,
EMR.MX,sic_or_unseried,373,0.9973,0,0,True,
ENTG.MX,sic_or_unseried,373,0.9973,0,0,True,
EOG.MX,sic_or_unseried,373,0.9973,0,0,True,
EQIX.MX,sic_or_unseried,373,0.9973,0,0,True,
EQR.MX,sic_or_unseried,373,0.9973,0,0,True,
EQT.MX,sic_or_unseried,373,0.9973,0,0,True,
ES.MX,sic_or_unseried,129,0.3449,354,0,False,coverage=0.34<0.95;listed_late_by=354d
ETR.MX,sic_or_unseried,373,0.9973,0,0,True,
EVR.MX,sic_or_unseried,373,0.9973,0,0,True,
EW.MX,sic_or_unseried,373,0.9973,0,0,True,
EXC.MX,sic_or_unseried,373,0.9973,0,0,True,
EXE.MX,sic_or_unseried,374,1.0000,0,0,True,
EXPD.MX,sic_or_unseried,373,0.9973,0,0,True,
EXPE.MX,sic_or_unseried,373,0.9973,0,0,True,
EXR.MX,sic_or_unseried,373,0.9973,0,0,True,
F.MX,sic_or_unseried,373,0.9973,0,0,True,
FANG.MX,sic_or_unseried,373,0.9973,0,0,True,
FAST.MX,sic_or_unseried,373,0.9973,0,0,True,
FCX.MX,sic_or_unseried,374,1.0000,0,0,True,
FDX.MX,sic_or_unseried,374,1.0000,0,0,True,
FDXF.MX,sic_or_unseried,18,0.0481,519,0,False,coverage=0.05<0.95;listed_late_by=519d
FE.MX,sic_or_unseried,373,0.9973,0,0,True,
FEMSAUBD.MX,national,373,0.9973,0,0,True,
FFIV.MX,sic_or_unseried,373,0.9973,0,0,True,
FIBRAPL14.MX,national,374,1.0000,0,0,True,
FIHO12.MX,national,373,0.9973,0,0,True,
FIS.MX,sic_or_unseried,373,0.9973,0,0,True,
FISV.MX,sic_or_unseried,373,0.9973,0,0,True,
FIVE.MX,sic_or_unseried,373,0.9973,0,0,True,
FIX.MX,sic_or_unseried,146,0.3904,328,0,False,coverage=0.39<0.95;listed_late_by=328d
FMTY14.MX,national,373,0.9973,0,0,True,
FRES.MX,sic_or_unseried,373,0.9973,0,0,True,
FSLR.MX,sic_or_unseried,373,0.9973,0,0,True,
FTNT.MX,sic_or_unseried,373,0.9973,0,0,True,
FUNO11.MX,national,373,0.9973,0,0,True,
GAPB.MX,national,373,0.9973,0,0,True,
GCARSOA1.MX,national,373,0.9973,0,0,True,
GCC.MX,national,373,0.9973,0,0,True,
GD.MX,sic_or_unseried,373,0.9973,0,0,True,
GDDY.MX,sic_or_unseried,373,0.9973,0,0,True,
GE.MX,sic_or_unseried,373,0.9973,0,0,True,
GEHC.MX,sic_or_unseried,373,0.9973,0,0,True,
GENTERA.MX,national,373,0.9973,0,0,True,
GEV.MX,sic_or_unseried,374,1.0000,0,0,True,
GFINBURO.MX,national,373,0.9973,0,0,True,
GFNORTEO.MX,national,373,0.9973,0,0,True,
GH.MX,sic_or_unseried,373,0.9973,0,0,True,
GILD.MX,sic_or_unseried,373,0.9973,0,0,True,
GIS.MX,sic_or_unseried,373,0.9973,0,0,True,
GLW.MX,sic_or_unseried,373,0.9973,0,0,True,
GM.MX,sic_or_unseried,374,1.0000,0,0,True,
GMEXICOB.MX,national,373,0.9973,0,0,True,
GNRC.MX,sic_or_unseried,373,0.9973,0,0,True,
GOOG.MX,sic_or_unseried,374,1.0000,0,0,True,
GOOGL.MX,sic_or_unseried,374,1.0000,0,0,True,
GPC.MX,sic_or_unseried,373,0.9973,0,0,True,
GPN.MX,sic_or_unseried,373,0.9973,0,0,True,
GRUMAB.MX,national,373,0.9973,0,0,True,
GS.MX,sic_or_unseried,373,0.9973,0,0,True,
GWRE.MX,sic_or_unseried,373,0.9973,0,0,True,
GWW.MX,sic_or_unseried,373,0.9973,0,0,True,
HAL.MX,sic_or_unseried,373,0.9973,0,0,True,
HAS.MX,sic_or_unseried,373,0.9973,0,0,True,
HBAN.MX,sic_or_unseried,373,0.9973,0,0,True,
HCA.MX,sic_or_unseried,373,0.9973,0,0,True,
HD.MX,sic_or_unseried,373,0.9973,0,0,True,
HIG.MX,sic_or_unseried,373,0.9973,0,0,True,
HII.MX,sic_or_unseried,115,0.3075,376,0,False,coverage=0.31<0.95;listed_late_by=376d
HLT.MX,sic_or_unseried,373,0.9973,0,0,True,
HON.MX,sic_or_unseried,374,1.0000,0,0,True,
HOOD.MX,sic_or_unseried,374,1.0000,0,0,True,
HPE.MX,sic_or_unseried,373,0.9973,0,0,True,
HPQ.MX,sic_or_unseried,373,0.9973,0,0,True,
HRL.MX,sic_or_unseried,373,0.9973,0,0,True,
HST.MX,sic_or_unseried,373,0.9973,0,0,True,
HSY.MX,sic_or_unseried,373,0.9973,0,0,True,
HUBB.MX,sic_or_unseried,373,0.9973,0,0,True,
HUBS.MX,sic_or_unseried,373,0.9973,0,0,True,
HUM.MX,sic_or_unseried,373,0.9973,0,0,True,
HWM.MX,sic_or_unseried,373,0.9973,0,0,True,
IBKR.MX,sic_or_unseried,373,0.9973,0,0,True,
IBM.MX,sic_or_unseried,373,0.9973,0,0,True,
ICE.MX,sic_or_unseried,373,0.9973,0,0,True,
IDXX.MX,sic_or_unseried,373,0.9973,0,0,True,
ILMN.MX,sic_or_unseried,373,0.9973,0,0,True,
INCY.MX,sic_or_unseried,373,0.9973,0,0,True,
INSM.MX,sic_or_unseried,373,0.9973,0,0,True,
INTC.MX,sic_or_unseried,374,1.0000,0,0,True,
INTU.MX,sic_or_unseried,374,1.0000,0,0,True,
INVH.MX,sic_or_unseried,373,0.9973,0,0,True,
IOT.MX,sic_or_unseried,373,0.9973,0,0,True,
IP.MX,sic_or_unseried,373,0.9973,0,0,True,
ISRG.MX,sic_or_unseried,373,0.9973,0,0,True,
ITT.MX,sic_or_unseried,6,0.0160,435,54,False,coverage=0.02<0.95;listed_late_by=435d;stopped_trading_early_by=54d
J.MX,sic_or_unseried,181,0.4840,278,0,False,coverage=0.48<0.95;listed_late_by=278d
JBHT.MX,sic_or_unseried,373,0.9973,0,0,True,
JBL.MX,sic_or_unseried,373,0.9973,0,0,True,
JNJ.MX,sic_or_unseried,374,1.0000,0,0,True,
JPM.MX,sic_or_unseried,373,0.9973,0,0,True,
KEYS.MX,sic_or_unseried,373,0.9973,0,0,True,
KHC.MX,sic_or_unseried,373,0.9973,0,0,True,
KIM.MX,sic_or_unseried,373,0.9973,0,0,True,
KIMBERA.MX,national,373,0.9973,0,0,True,
KKRC.MX,sic_or_unseried,373,0.9973,0,0,True,
KLAC.MX,sic_or_unseried,374,1.0000,0,0,True,
KMB.MX,sic_or_unseried,374,1.0000,0,0,True,
KMI.MX,sic_or_unseried,373,0.9973,0,0,True,
KO.MX,sic_or_unseried,373,0.9973,0,0,True,
KOFUBL.MX,national,373,0.9973,0,0,True,
KR.MX,sic_or_unseried,373,0.9973,0,0,True,
KVUE.MX,sic_or_unseried,373,0.9973,0,0,True,
L.MX,sic_or_unseried,373,0.9973,0,0,True,
LABB.MX,national,373,0.9973,0,0,True,
LACOMERUBC.MX,national,374,1.0000,0,0,True,
LDOS.MX,sic_or_unseried,373,0.9973,0,0,True,
LECO.MX,sic_or_unseried,373,0.9973,0,0,True,
LEN.MX,sic_or_unseried,373,0.9973,0,0,True,
LH.MX,sic_or_unseried,373,0.9973,0,0,True,
LHX.MX,sic_or_unseried,373,0.9973,0,0,True,
LII.MX,sic_or_unseried,373,0.9973,0,0,True,
LITE.MX,sic_or_unseried,374,1.0000,0,0,True,
LIVEPOLC-1.MX,national,373,0.9973,0,0,True,
LLY.MX,sic_or_unseried,374,1.0000,0,0,True,
LMT.MX,sic_or_unseried,373,0.9973,0,0,True,
LNG.MX,sic_or_unseried,373,0.9973,0,0,True,
LOW.MX,sic_or_unseried,373,0.9973,0,0,True,
LPLA.MX,sic_or_unseried,373,0.9973,0,0,True,
LRCX.MX,sic_or_unseried,374,1.0000,0,0,True,
LULU.MX,sic_or_unseried,374,1.0000,0,0,True,
LUV.MX,sic_or_unseried,373,0.9973,0,0,True,
LVS.MX,sic_or_unseried,373,0.9973,0,0,True,
LYV.MX,sic_or_unseried,373,0.9973,0,0,True,
MA.MX,sic_or_unseried,373,0.9973,0,0,True,
MAR.MX,sic_or_unseried,373,0.9973,0,0,True,
MCD.MX,sic_or_unseried,373,0.9973,0,0,True,
MCHP.MX,sic_or_unseried,373,0.9973,0,0,True,
MCK.MX,sic_or_unseried,373,0.9973,0,0,True,
MCO.MX,sic_or_unseried,373,0.9973,0,0,True,
MDB.MX,sic_or_unseried,373,0.9973,0,0,True,
MDLZ.MX,sic_or_unseried,373,0.9973,0,0,True,
MEDP.MX,sic_or_unseried,373,0.9973,0,0,True,
MEGACPO.MX,national,373,0.9973,0,0,True,
MET.MX,sic_or_unseried,373,0.9973,0,0,True,
META.MX,sic_or_unseried,374,1.0000,0,0,True,
MGM.MX,sic_or_unseried,373,0.9973,0,0,True,
MKC.MX,sic_or_unseried,373,0.9973,0,0,True,
MKL.MX,sic_or_unseried,373,0.9973,0,0,True,
MKSI.MX,sic_or_unseried,373,0.9973,0,0,True,
MLI.MX,sic_or_unseried,162,0.4332,305,0,False,coverage=0.43<0.95;listed_late_by=305d
MLM.MX,sic_or_unseried,373,0.9973,0,0,True,
MMM.MX,sic_or_unseried,373,0.9973,0,0,True,
MNST.MX,sic_or_unseried,374,1.0000,0,0,True,
MO.MX,sic_or_unseried,373,0.9973,0,0,True,
MPC.MX,sic_or_unseried,374,1.0000,0,0,True,
MPWR.MX,sic_or_unseried,373,0.9973,0,0,True,
MRK.MX,sic_or_unseried,373,0.9973,0,0,True,
MRNA.MX,sic_or_unseried,374,1.0000,0,0,True,
MRSH.MX,sic_or_unseried,373,0.9973,0,0,True,
MS.MX,sic_or_unseried,373,0.9973,0,0,True,
MSCI.MX,sic_or_unseried,373,0.9973,0,0,True,
MSFT.MX,sic_or_unseried,374,1.0000,0,0,True,
MSI.MX,sic_or_unseried,373,0.9973,0,0,True,
MSTR.MX,sic_or_unseried,374,1.0000,0,0,True,
MTB.MX,sic_or_unseried,373,0.9973,0,0,True,
MTD.MX,sic_or_unseried,373,0.9973,0,0,True,
MU.MX,sic_or_unseried,374,1.0000,0,0,True,
NBIX.MX,sic_or_unseried,39,0.1043,490,0,False,coverage=0.10<0.95;listed_late_by=490d
NDAQ.MX,sic_or_unseried,374,1.0000,0,0,True,
NEE.MX,sic_or_unseried,373,0.9973,0,0,True,
NEM.MX,sic_or_unseried,373,0.9973,0,0,True,
NEMAKA.MX,national,373,0.9973,0,0,True,
NET.MX,sic_or_unseried,373,0.9973,0,0,True,
NFLX.MX,sic_or_unseried,374,1.0000,0,0,True,
NKE.MX,sic_or_unseried,374,1.0000,0,0,True,
NOC.MX,sic_or_unseried,373,0.9973,0,0,True,
NOWW.MX,sic_or_unseried,374,1.0000,0,0,True,
NRG.MX,sic_or_unseried,373,0.9973,0,0,True,
NSC.MX,sic_or_unseried,373,0.9973,0,0,True,
NTAP.MX,sic_or_unseried,373,0.9973,0,0,True,
NTNX.MX,sic_or_unseried,230,0.6150,208,0,False,coverage=0.61<0.95;listed_late_by=208d
NUE.MX,sic_or_unseried,373,0.9973,0,0,True,
NVDA.MX,sic_or_unseried,374,1.0000,0,0,True,
NVR.MX,sic_or_unseried,373,0.9973,0,0,True,
O.MX,sic_or_unseried,373,0.9973,0,0,True,
ODFL.MX,sic_or_unseried,373,0.9973,0,0,True,
OHI.MX,sic_or_unseried,135,0.3610,343,0,False,coverage=0.36<0.95;listed_late_by=343d
OKE.MX,sic_or_unseried,287,0.7674,127,0,False,coverage=0.77<0.95;listed_late_by=127d
OKTA.MX,sic_or_unseried,373,0.9973,0,0,True,
OMAB.MX,national,373,0.9973,0,0,True,
ON.MX,sic_or_unseried,373,0.9973,0,0,True,
ONTO.MX,sic_or_unseried,373,0.9973,0,0,True,
ORBIA.MX,national,373,0.9973,0,0,True,
ORCL.MX,sic_or_unseried,374,1.0000,0,0,True,
ORLY.MX,sic_or_unseried,373,0.9973,0,0,True,
OTIS.MX,sic_or_unseried,373,0.9973,0,0,True,
PANW.MX,sic_or_unseried,374,1.0000,0,0,True,
PAYX.MX,sic_or_unseried,373,0.9973,0,0,True,
PCG.MX,sic_or_unseried,373,0.9973,0,0,True,
PEG.MX,sic_or_unseried,373,0.9973,0,0,True,
PEN.MX,sic_or_unseried,373,0.9973,0,0,True,
PEP.MX,sic_or_unseried,374,1.0000,0,0,True,
PFE.MX,sic_or_unseried,374,1.0000,0,0,True,
PG.MX,sic_or_unseried,374,1.0000,0,0,True,
PGR.MX,sic_or_unseried,373,0.9973,0,0,True,
PH.MX,sic_or_unseried,373,0.9973,0,0,True,
PHM.MX,sic_or_unseried,373,0.9973,0,0,True,
PINFRA.MX,national,373,0.9973,0,0,True,
PINS.MX,sic_or_unseried,373,0.9973,0,0,True,
PKG.MX,sic_or_unseried,373,0.9973,0,0,True,
PLD.MX,sic_or_unseried,373,0.9973,0,0,True,
PLTR.MX,sic_or_unseried,374,1.0000,0,0,True,
PM.MX,sic_or_unseried,373,0.9973,0,0,True,
PNC.MX,sic_or_unseried,373,0.9973,0,0,True,
PODD.MX,sic_or_unseried,373,0.9973,0,0,True,
PPG.MX,sic_or_unseried,373,0.9973,0,0,True,
PPLC.MX,sic_or_unseried,154,0.4118,315,0,False,coverage=0.41<0.95;listed_late_by=315d
PR.MX,sic_or_unseried,373,0.9973,0,0,True,
PRU.MX,sic_or_unseried,373,0.9973,0,0,True,
PSA.MX,sic_or_unseried,373,0.9973,0,0,True,
PSX.MX,sic_or_unseried,373,0.9973,0,0,True,
PTC.MX,sic_or_unseried,373,0.9973,0,0,True,
PWR.MX,sic_or_unseried,373,0.9973,0,0,True,
PYPL.MX,sic_or_unseried,374,1.0000,0,0,True,
Q.MX,national,373,0.9973,0,0,True,
QCOM.MX,sic_or_unseried,374,1.0000,0,0,True,
RA.MX,national,373,0.9973,0,0,True,
RBLX.MX,sic_or_unseried,374,1.0000,0,0,True,
RBRK.MX,sic_or_unseried,374,1.0000,0,0,True,
RCL.MX,sic_or_unseried,374,1.0000,0,0,True,
RDDT.MX,sic_or_unseried,374,1.0000,0,0,True,
REGN.MX,sic_or_unseried,373,0.9973,0,0,True,
RF.MX,sic_or_unseried,373,0.9973,0,0,True,
RGLD.MX,sic_or_unseried,373,0.9973,0,0,True,
RIVN.MX,sic_or_unseried,374,1.0000,0,0,True,
RKLB.MX,sic_or_unseried,263,0.7032,4,0,False,coverage=0.70<0.95
RKT.MX,sic_or_unseried,373,0.9973,0,0,True,
RMD.MX,sic_or_unseried,373,0.9973,0,0,True,
ROK.MX,sic_or_unseried,373,0.9973,0,0,True,
ROKU.MX,sic_or_unseried,373,0.9973,0,0,True,
ROL.MX,sic_or_unseried,373,0.9973,0,0,True,
ROST.MX,sic_or_unseried,373,0.9973,0,0,True,
RRX.MX,sic_or_unseried,373,0.9973,0,0,True,
RSGA.MX,sic_or_unseried,373,0.9973,0,0,True,
RTX.MX,sic_or_unseried,373,0.9973,0,0,True,
SAIA.MX,sic_or_unseried,373,0.9973,0,0,True,
SBAC.MX,sic_or_unseried,373,0.9973,0,0,True,
SBUX.MX,sic_or_unseried,374,1.0000,0,0,True,
SCCO.MX,sic_or_unseried,374,1.0000,0,0,True,
SCHW.MX,sic_or_unseried,373,0.9973,0,0,True,
SCI.MX,sic_or_unseried,373,0.9973,0,0,True,
SHW.MX,sic_or_unseried,373,0.9973,0,0,True,
SITM.MX,sic_or_unseried,123,0.3289,363,0,False,coverage=0.33<0.95;listed_late_by=363d
SJM.MX,sic_or_unseried,373,0.9973,0,0,True,
SMCI.MX,sic_or_unseried,374,1.0000,0,0,True,
SNOW.MX,sic_or_unseried,374,1.0000,0,0,True,
SNPS.MX,sic_or_unseried,373,0.9973,0,0,True,
SO.MX,sic_or_unseried,373,0.9973,0,0,True,
SOFI.MX,sic_or_unseried,374,1.0000,0,0,True,
SOLV.MX,sic_or_unseried,373,0.9973,0,0,True,
SPG.MX,sic_or_unseried,373,0.9973,0,0,True,
SPGI.MX,sic_or_unseried,373,0.9973,0,0,True,
SRE.MX,sic_or_unseried,373,0.9973,0,0,True,
SSNC.MX,sic_or_unseried,373,0.9973,0,0,True,
STLD.MX,sic_or_unseried,374,1.0000,0,0,True,
STT.MX,sic_or_unseried,373,0.9973,0,0,True,
STZ.MX,sic_or_unseried,374,1.0000,0,0,True,
SUI.MX,sic_or_unseried,373,0.9973,0,0,True,
SWK.MX,sic_or_unseried,373,0.9973,0,0,True,
SYF.MX,sic_or_unseried,373,0.9973,0,0,True,
SYK.MX,sic_or_unseried,373,0.9973,0,0,True,
SYY.MX,sic_or_unseried,373,0.9973,0,0,True,
T.MX,sic_or_unseried,373,0.9973,0,0,True,
TDG.MX,sic_or_unseried,373,0.9973,0,0,True,
TDY.MX,sic_or_unseried,373,0.9973,0,0,True,
TEAM.MX,sic_or_unseried,373,0.9973,0,0,True,
TER.MX,sic_or_unseried,373,0.9973,0,0,True,
TFC.MX,sic_or_unseried,373,0.9973,0,0,True,
TGT.MX,sic_or_unseried,373,0.9973,0,0,True,
THC.MX,sic_or_unseried,373,0.9973,0,0,True,
TJX.MX,sic_or_unseried,373,0.9973,0,0,True,
TMO.MX,sic_or_unseried,374,1.0000,0,0,True,
TMUS.MX,sic_or_unseried,374,1.0000,0,0,True,
TOST.MX,sic_or_unseried,373,0.9973,0,0,True,
TPR.MX,sic_or_unseried,373,0.9973,0,0,True,
TRGP.MX,sic_or_unseried,373,0.9973,0,0,True,
TRMB.MX,sic_or_unseried,373,0.9973,0,0,True,
TROW.MX,sic_or_unseried,373,0.9973,0,0,True,
TRV.MX,sic_or_unseried,373,0.9973,0,0,True,
TS.MX,sic_or_unseried,373,0.9973,0,0,True,
TSLA.MX,sic_or_unseried,374,1.0000,0,0,True,
TSN.MX,sic_or_unseried,373,0.9973,0,0,True,
TTMI.MX,sic_or_unseried,65,0.1738,448,0,False,coverage=0.17<0.95;listed_late_by=448d
TTWO.MX,sic_or_unseried,373,0.9973,0,0,True,
TWLO.MX,sic_or_unseried,373,0.9973,0,0,True,
TXN.MX,sic_or_unseried,373,0.9973,0,0,True,
TXRH.MX,sic_or_unseried,308,0.8235,95,0,False,coverage=0.82<0.95;listed_late_by=95d
TXT.MX,sic_or_unseried,373,0.9973,0,0,True,
TYL.MX,sic_or_unseried,373,0.9973,0,0,True,
U.MX,sic_or_unseried,374,1.0000,0,0,True,
UAL.MX,sic_or_unseried,373,0.9973,0,0,True,
UBER.MX,sic_or_unseried,374,1.0000,0,0,True,
ULTA.MX,sic_or_unseried,373,0.9973,0,0,True,
UNH.MX,sic_or_unseried,374,1.0000,0,0,True,
UNP.MX,sic_or_unseried,373,0.9973,0,0,True,
UPS.MX,sic_or_unseried,373,0.9973,0,0,True,
URI.MX,sic_or_unseried,373,0.9973,0,0,True,
USB.MX,sic_or_unseried,373,0.9973,0,0,True,
USFD.MX,sic_or_unseried,373,0.9973,0,0,True,
UTHR.MX,sic_or_unseried,1,0.0027,538,6,False,coverage=0.00<0.95;listed_late_by=538d
V.MX,sic_or_unseried,374,1.0000,0,0,True,
VEEV.MX,sic_or_unseried,373,0.9973,0,0,True,
VESTA.MX,national,373,0.9973,0,0,True,
VG.MX,sic_or_unseried,155,0.4144,314,0,False,coverage=0.41<0.95;listed_late_by=314d
VICI.MX,sic_or_unseried,373,0.9973,0,0,True,
VLO.MX,sic_or_unseried,373,0.9973,0,0,True,
VLTO.MX,sic_or_unseried,373,0.9973,0,0,True,
VMC.MX,sic_or_unseried,373,0.9973,0,0,True,
VOLARA.MX,national,373,0.9973,0,0,True,
VRSK.MX,sic_or_unseried,373,0.9973,0,0,True,
VRSN.MX,sic_or_unseried,373,0.9973,0,0,True,
VRT.MX,sic_or_unseried,336,0.8984,0,0,False,coverage=0.90<0.95
VRTX.MX,sic_or_unseried,373,0.9973,0,0,True,
VST.MX,sic_or_unseried,374,1.0000,0,0,True,
VTR.MX,sic_or_unseried,373,0.9973,0,0,True,
VTRS.MX,sic_or_unseried,57,0.1524,22,15,False,coverage=0.15<0.95;listed_late_by=22d;stopped_trading_early_by=15d
VZ.MX,sic_or_unseried,373,0.9973,0,0,True,
W.MX,sic_or_unseried,373,0.9973,0,0,True,
WAB.MX,sic_or_unseried,373,0.9973,0,0,True,
WALMEX.MX,national,373,0.9973,0,0,True,
WAT.MX,sic_or_unseried,373,0.9973,0,0,True,
WBD.MX,sic_or_unseried,373,0.9973,0,0,True,
WDAY.MX,sic_or_unseried,373,0.9973,0,0,True,
WDC.MX,sic_or_unseried,374,1.0000,0,0,True,
WELL.MX,sic_or_unseried,373,0.9973,0,0,True,
WFC.MX,sic_or_unseried,374,1.0000,0,0,True,
WMB.MX,sic_or_unseried,373,0.9973,0,0,True,
WMI.MX,sic_or_unseried,373,0.9973,0,0,True,
WMS.MX,sic_or_unseried,373,0.9973,0,0,True,
WMT.MX,sic_or_unseried,374,1.0000,0,0,True,
WPC.MX,sic_or_unseried,373,0.9973,0,0,True,
WRB.MX,sic_or_unseried,373,0.9973,0,0,True,
WSM.MX,sic_or_unseried,373,0.9973,0,0,True,
WST.MX,sic_or_unseried,373,0.9973,0,0,True,
WTS.MX,sic_or_unseried,373,0.9973,0,0,True,
WY.MX,sic_or_unseried,373,0.9973,0,0,True,
XEL.MX,sic_or_unseried,373,0.9973,0,0,True,
XOM.MX,sic_or_unseried,374,1.0000,0,0,True,
XPO.MX,sic_or_unseried,373,0.9973,0,0,True,
XYL.MX,sic_or_unseried,373,0.9973,0,0,True,
XYZ.MX,sic_or_unseried,373,0.9973,0,0,True,
YUM.MX,sic_or_unseried,373,0.9973,0,0,True,
YUMC.MX,sic_or_unseried,373,0.9973,0,0,True,
ZBH.MX,sic_or_unseried,373,0.9973,0,0,True,
ZBRA.MX,sic_or_unseried,373,0.9973,0,0,True,
ZM.MX,sic_or_unseried,373,0.9973,0,0,True,
ZS.MX,sic_or_unseried,373,0.9973,0,0,True,
ZTS.MX,sic_or_unseried,373,0.9973,0,0,True,
