month,level,seed,n_variables,covariance_entries,flops,wall_clock,reference_hv,attainment_at_base,machine,cpu
2025-01,10,0,10,100,200,2.1628663750598207,0.8855038721762583,0.9500332417748336,arm64,12
2025-01,10,1,10,100,200,1.987993707996793,0.8854909412744357,0.9377325642614056,arm64,12
2025-01,10,2,10,100,200,1.915050124982372,0.890814756433688,0.9514451336235864,arm64,12
2025-01,10,3,10,100,200,1.9780473329592496,0.9296088620094592,0.8994033983975382,arm64,12
2025-01,10,4,10,100,200,1.9216995839960873,0.8847105021027282,0.9347474120275339,arm64,12
2025-01,20,0,20,400,800,1.9989840410416946,0.8883327988978555,0.9330596884002618,arm64,12
2025-01,20,1,20,400,800,2.0748862080508843,0.9062237241300081,0.9297614512401934,arm64,12
2025-01,20,2,20,400,800,2.115161665948108,0.8802256636361719,0.9276950553037577,arm64,12
2025-01,20,3,20,400,800,2.062893540947698,0.9089746645991753,0.9488259358548933,arm64,12
2025-01,20,4,20,400,800,2.026362083037384,0.9056355152780371,0.9296182365196881,arm64,12
2025-01,40,0,40,1600,3200,2.3366359169594944,0.8268033863249378,0.9634189291662372,arm64,12
2025-01,40,1,40,1600,3200,2.353846083045937,0.8725007841099277,0.9821595382720133,arm64,12
2025-01,40,2,40,1600,3200,2.3231609580107033,0.9086726459345275,1.0092654805453187,arm64,12
2025-01,40,3,40,1600,3200,2.324246500036679,0.8590557331520573,1.0000828582248817,arm64,12
2025-01,40,4,40,1600,3200,2.305879250052385,0.8383412816044443,1.005946813135594,arm64,12
2025-01,80,0,80,6400,12800,3.247382167028263,0.8117200578263052,0.9652149416145204,arm64,12
2025-01,80,1,80,6400,12800,3.1934171670582145,0.8132098879682791,0.9553811345995635,arm64,12
2025-01,80,2,80,6400,12800,3.227779500070028,0.8093712498560091,0.9668784718932978,arm64,12
2025-01,80,3,80,6400,12800,3.2286004159832373,0.8029810569137771,0.9674579976843798,arm64,12
2025-01,80,4,80,6400,12800,3.2034995410358533,0.8126331144190558,0.9413362394075259,arm64,12
2025-01,no-preselection,0,92,8464,16928,3.5596234999829903,0.823572355899971,0.9720832071400892,arm64,12
2025-01,no-preselection,1,92,8464,16928,3.5503892090637237,0.8106253452092249,0.9664244846853006,arm64,12
2025-01,no-preselection,2,92,8464,16928,3.58875487500336,0.8304576062713582,0.9260825467532158,arm64,12
2025-01,no-preselection,3,92,8464,16928,3.545677375048399,0.8138479648094034,0.9742351766582472,arm64,12
2025-01,no-preselection,4,92,8464,16928,3.610892749973573,0.8506381274507043,0.907295180188073,arm64,12
2025-02,10,0,10,100,200,1.9523134999908507,0.9197060250910197,0.9009118248122919,arm64,12
2025-02,10,1,10,100,200,1.9896479159360752,0.9328618955735959,0.9052093183769675,arm64,12
2025-02,10,2,10,100,200,2.0246597920777276,0.9331432818811123,0.9548661683422937,arm64,12
2025-02,10,3,10,100,200,1.9968701669713482,0.9336045083881683,0.8945372561478823,arm64,12
2025-02,10,4,10,100,200,2.1558076250366867,0.9343244807093073,0.9294554554863134,arm64,12
2025-02,20,0,20,400,800,2.6220705409068614,0.884662643503729,0.9422510775131487,arm64,12
2025-02,20,1,20,400,800,3.005240000085905,0.8864255715814923,0.9164857240122587,arm64,12
2025-02,20,2,20,400,800,2.273524749907665,0.8715504388458841,0.9573052134822237,arm64,12
2025-02,20,3,20,400,800,2.1378482909640297,0.8738582750360663,0.9337335224018477,arm64,12
2025-02,20,4,20,400,800,2.093690791982226,0.8932029122927636,0.9871197253795165,arm64,12
2025-02,40,0,40,1600,3200,2.509714834042825,0.8641965153599626,0.9272081479670493,arm64,12
2025-02,40,1,40,1600,3200,2.3665942089864984,0.8692928345980597,0.9485892871327882,arm64,12
2025-02,40,2,40,1600,3200,2.394241541973315,0.8732730465214664,0.9991783493882305,arm64,12
2025-02,40,3,40,1600,3200,2.417046249960549,0.8685005123542042,0.9663954498591198,arm64,12
2025-02,40,4,40,1600,3200,2.3534162919968367,0.8559527800229862,0.9571405944973521,arm64,12
2025-02,80,0,80,6400,12800,3.2896844579372555,0.8231121097414638,0.9383618982866954,arm64,12
2025-02,80,1,80,6400,12800,3.2988941250368953,0.8305807197517842,0.9872543007691491,arm64,12
2025-02,80,2,80,6400,12800,3.4194910409860313,0.8158163418763446,1.0033768221030386,arm64,12
2025-02,80,3,80,6400,12800,3.2932624589884654,0.8091310209000487,0.9572308371627262,arm64,12
2025-02,80,4,80,6400,12800,3.3441577500198036,0.8168842038938875,0.9586846536985041,arm64,12
2025-02,no-preselection,0,93,8649,17298,3.7161926249973476,0.8008442345417413,1.0185606506488747,arm64,12
2025-02,no-preselection,1,93,8649,17298,3.6805042499909177,0.8257240250290337,0.9405269482982436,arm64,12
2025-02,no-preselection,2,93,8649,17298,3.6728123330976814,0.810579592425398,1.0077570537119744,arm64,12
2025-02,no-preselection,3,93,8649,17298,3.6601456670323387,0.8044880140058827,0.9956267203420804,arm64,12
2025-02,no-preselection,4,93,8649,17298,3.7419694579439238,0.796671359566475,0.9903710509854521,arm64,12
2025-03,10,0,10,100,200,1.932450499967672,0.9937761502263786,0.9402952974946149,arm64,12
2025-03,10,1,10,100,200,1.9463949159253389,0.976601158348213,0.9456396910092314,arm64,12
2025-03,10,2,10,100,200,2.243583624949679,0.9679464689521061,0.9169420569439247,arm64,12
2025-03,10,3,10,100,200,1.9349101249827072,0.9735836371231482,0.9473040129719411,arm64,12
2025-03,10,4,10,100,200,1.965947207994759,0.9886196670573973,0.8738348339918273,arm64,12
2025-03,20,0,20,400,800,2.042223416035995,0.9343666971264458,0.9534668450996223,arm64,12
2025-03,20,1,20,400,800,2.06869495799765,0.8991899525664254,0.9445138450161465,arm64,12
2025-03,20,2,20,400,800,2.05763766693417,0.9232201889074195,0.9844648685914537,arm64,12
2025-03,20,3,20,400,800,2.0665666250279173,0.9277677975458474,0.9300844345577949,arm64,12
2025-03,20,4,20,400,800,2.072423957986757,0.9225253438433995,0.9220775903498497,arm64,12
2025-03,40,0,40,1600,3200,2.347413667012006,0.8355995977465833,0.991361831425687,arm64,12
2025-03,40,1,40,1600,3200,2.340206875000149,0.8506481025167365,1.0029837978805305,arm64,12
2025-03,40,2,40,1600,3200,2.361271791975014,0.8457178940971458,0.9291255479165942,arm64,12
2025-03,40,3,40,1600,3200,2.38942558306735,0.8881535472146302,0.9540279036553604,arm64,12
2025-03,40,4,40,1600,3200,2.3477229579584673,0.8209575891894386,1.0378144595731456,arm64,12
2025-03,80,0,80,6400,12800,3.274778333026916,0.8106242654927486,0.9595782648805586,arm64,12
2025-03,80,1,80,6400,12800,3.281886334065348,0.832789302043865,0.9789126620524614,arm64,12
2025-03,80,2,80,6400,12800,3.3713282919488847,0.8223792412302532,0.9275860089000938,arm64,12
2025-03,80,3,80,6400,12800,3.3472185420105234,0.8311694318719249,0.9615007737620622,arm64,12
2025-03,80,4,80,6400,12800,3.4170959580224007,0.8450190787096795,0.9942891545175234,arm64,12
2025-03,no-preselection,0,94,8836,17672,3.6939487910130993,0.8186900025468967,0.9911358908464727,arm64,12
2025-03,no-preselection,1,94,8836,17672,3.644315875018947,0.8356661017280186,0.9879858525090608,arm64,12
2025-03,no-preselection,2,94,8836,17672,3.7247331669786945,0.8038145583660516,0.9535561373547659,arm64,12
2025-03,no-preselection,3,94,8836,17672,3.7265423329081386,0.8354234738092502,0.9737401712644532,arm64,12
2025-03,no-preselection,4,94,8836,17672,3.7054983749985695,0.8297823399644505,0.982202544829695,arm64,12
2025-04,10,0,10,100,200,1.948096957989037,0.9326695675540807,0.9708777279335575,arm64,12
2025-04,10,1,10,100,200,1.9438641669694334,0.9320332739182825,0.9993500654304718,arm64,12
2025-04,10,2,10,100,200,1.989128959015943,0.9440314148566249,0.9482453387220895,arm64,12
2025-04,10,3,10,100,200,1.9558995829429477,0.9371831475827072,0.9573688928426984,arm64,12
2025-04,10,4,10,100,200,1.949663707986474,0.9698613465386098,0.9007787265217898,arm64,12
2025-04,20,0,20,400,800,2.2218118329765275,0.9394112479042637,0.9735270308974877,arm64,12
2025-04,20,1,20,400,800,2.168629665975459,0.9379757370712885,0.9714713712613906,arm64,12
2025-04,20,2,20,400,800,2.158331874990836,0.9392419219638297,0.9429934989507156,arm64,12
2025-04,20,3,20,400,800,2.0856517089996487,0.9432796177396496,0.9226935245958743,arm64,12
2025-04,20,4,20,400,800,2.0579381668940187,0.9425121648370206,0.9925812170967444,arm64,12
2025-04,40,0,40,1600,3200,2.3755660409806296,0.8649401209328212,0.9182109035226924,arm64,12
2025-04,40,1,40,1600,3200,2.383189916028641,0.8742542236999001,0.94895232197984,arm64,12
2025-04,40,2,40,1600,3200,2.344442583969794,0.8670410351962344,0.9828870552973223,arm64,12
2025-04,40,3,40,1600,3200,2.3601218330441043,0.8755611609830126,0.9265146461525651,arm64,12
2025-04,40,4,40,1600,3200,2.3803929169662297,0.8514905293638874,0.9790047901834042,arm64,12
2025-04,80,0,80,6400,12800,3.3105306659126654,0.8193670761565098,0.9900654751490606,arm64,12
2025-04,80,1,80,6400,12800,3.3535271249711514,0.8134282158116923,1.0012900629228878,arm64,12
2025-04,80,2,80,6400,12800,3.2935971670085564,0.8386706368547643,1.0424239376272517,arm64,12
2025-04,80,3,80,6400,12800,3.3344374579610303,0.831525196007352,0.976321426489154,arm64,12
2025-04,80,4,80,6400,12800,3.670384540921077,0.8433750266111634,1.0040243454058237,arm64,12
2025-04,no-preselection,0,95,9025,18050,4.003248458029702,0.8257560817154577,0.9921081897956833,arm64,12
2025-04,no-preselection,1,95,9025,18050,3.8221012499416247,0.8224388680286907,1.0160680257784196,arm64,12
2025-04,no-preselection,2,95,9025,18050,3.793366500060074,0.8289564023380243,1.036754570913132,arm64,12
2025-04,no-preselection,3,95,9025,18050,3.8647523750551045,0.8792927000029941,0.9635223497889441,arm64,12
2025-04,no-preselection,4,95,9025,18050,3.7636668749619275,0.8558346525750559,0.9553172156453952,arm64,12
2025-05,10,0,10,100,200,1.9904159579891711,0.9689614866895787,0.9567624622174573,arm64,12
2025-05,10,1,10,100,200,1.9392549169715494,0.9722874681365089,0.9469287734609994,arm64,12
2025-05,10,2,10,100,200,1.9375586670357734,0.9669545063214675,0.9552594847800195,arm64,12
2025-05,10,3,10,100,200,1.9354244170244783,0.9680203311584915,0.9691550665365405,arm64,12
2025-05,10,4,10,100,200,1.9615712499944493,0.9625213139619232,0.9768601210066246,arm64,12
2025-05,20,0,20,400,800,2.1211176249198616,0.9163212591870125,0.9555814410592595,arm64,12
2025-05,20,1,20,400,800,2.084849959006533,0.9081080817501939,1.0516921372177612,arm64,12
2025-05,20,2,20,400,800,2.067790333996527,0.9171451010184686,1.0768384176716914,arm64,12
2025-05,20,3,20,400,800,2.0382687500678003,0.901627004269006,1.0025063172741357,arm64,12
2025-05,20,4,20,400,800,2.0244699589675292,0.917850264727798,0.963029538945132,arm64,12
2025-05,40,0,40,1600,3200,2.50370500003919,0.8709117836967953,0.9651771053967285,arm64,12
2025-05,40,1,40,1600,3200,2.3500282909953967,0.8640449395220661,0.9857408683283495,arm64,12
2025-05,40,2,40,1600,3200,2.3519518750254065,0.8700609620716679,0.9170365418641239,arm64,12
2025-05,40,3,40,1600,3200,2.3161812080070376,0.8566114827412181,0.9283121201460646,arm64,12
2025-05,40,4,40,1600,3200,2.387052375008352,0.8497278527365558,0.9773093612870554,arm64,12
2025-05,80,0,80,6400,12800,3.2997867499943823,0.8340555693859871,0.946904375102092,arm64,12
2025-05,80,1,80,6400,12800,3.298579458030872,0.8257668186767,0.9313892346210147,arm64,12
2025-05,80,2,80,6400,12800,3.4191257919883355,0.8331634607100776,0.971524511754625,arm64,12
2025-05,80,3,80,6400,12800,3.50423916708678,0.8380767878141032,0.9326322043267825,arm64,12
2025-05,80,4,80,6400,12800,3.801999374991283,0.825567421569589,0.9306767750755821,arm64,12
2025-05,no-preselection,0,92,8464,16928,4.1159965000115335,0.8275853389906233,0.914815886473549,arm64,12
2025-05,no-preselection,1,92,8464,16928,3.7578067500144243,0.8307271478557908,0.9171617713914482,arm64,12
2025-05,no-preselection,2,92,8464,16928,3.763965249992907,0.841277135360939,0.9375638780235804,arm64,12
2025-05,no-preselection,3,92,8464,16928,3.7807134999893606,0.8302163875893422,0.9495997122590585,arm64,12
2025-05,no-preselection,4,92,8464,16928,3.621223874972202,0.8421921543823405,0.9675000970607757,arm64,12
2025-06,10,0,10,100,200,1.910712125012651,1.0058572929834333,0.8893919234019909,arm64,12
2025-06,10,1,10,100,200,1.916248874971643,0.9962463934249047,0.9169916890871065,arm64,12
2025-06,10,2,10,100,200,1.915065124980174,0.9825905305700376,0.9131407024564832,arm64,12
2025-06,10,3,10,100,200,1.9177159169921651,0.9784709837495025,0.9408044739540941,arm64,12
2025-06,10,4,10,100,200,1.9081801250576973,0.9786248161733694,0.9477628237241539,arm64,12
2025-06,20,0,20,400,800,2.039897583075799,0.9267823404651575,0.9263597398715554,arm64,12
2025-06,20,1,20,400,800,2.054151458083652,0.9341460224254577,0.9213869611635707,arm64,12
2025-06,20,2,20,400,800,2.074559084023349,0.934902988736252,0.899658593565439,arm64,12
2025-06,20,3,20,400,800,2.101227584062144,0.9303029119056999,0.948092258557502,arm64,12
2025-06,20,4,20,400,800,2.050638374988921,0.9268425514407735,0.9192580110011822,arm64,12
2025-06,40,0,40,1600,3200,2.323674082988873,0.9056594525024472,0.9329884467549805,arm64,12
2025-06,40,1,40,1600,3200,2.338626542012207,0.911529540257288,0.9218720103812158,arm64,12
2025-06,40,2,40,1600,3200,2.313494957983494,0.8992595204869331,0.9021949936486462,arm64,12
2025-06,40,3,40,1600,3200,2.337436457979493,0.9252507836683471,0.887414988984038,arm64,12
2025-06,40,4,40,1600,3200,2.334873832995072,0.9487900700233737,0.8610345982626568,arm64,12
2025-06,80,0,80,6400,12800,3.304525209008716,0.86094518451609,0.8992335102257912,arm64,12
2025-06,80,1,80,6400,12800,3.356696749920957,0.8486535452907913,0.9815127367435835,arm64,12
2025-06,80,2,80,6400,12800,3.289458708022721,0.8714747474464611,0.9737907821656774,arm64,12
2025-06,80,3,80,6400,12800,3.3463028330588713,0.9018609369402225,0.9192736598990552,arm64,12
2025-06,80,4,80,6400,12800,3.328120499965735,0.8973017316995815,0.9292634558959999,arm64,12
2025-06,no-preselection,0,90,8100,16200,3.5963165409630165,0.9002024554200053,0.9261531983744732,arm64,12
2025-06,no-preselection,1,90,8100,16200,3.79424099996686,0.880687964589429,0.9725946381604235,arm64,12
2025-06,no-preselection,2,90,8100,16200,3.6513306670822203,0.9033210142956821,0.9442406680119871,arm64,12
2025-06,no-preselection,3,90,8100,16200,3.693544500041753,0.8600894957406165,0.9597350180572841,arm64,12
2025-06,no-preselection,4,90,8100,16200,3.608158958959393,0.9174063415850384,0.9066187504203427,arm64,12
2025-07,10,0,10,100,200,1.9740298750111833,0.8036589413370141,0.9741950857375729,arm64,12
2025-07,10,1,10,100,200,2.0155200839508325,0.8004130376608448,0.969486239560045,arm64,12
2025-07,10,2,10,100,200,1.989473249996081,0.7988248411299839,0.9888650356652078,arm64,12
2025-07,10,3,10,100,200,2.0367905830498785,0.7972560545854592,0.9955234272014575,arm64,12
2025-07,10,4,10,100,200,1.9751826249994338,0.8023540045820415,1.041911868773286,arm64,12
2025-07,20,0,20,400,800,2.142149292048998,0.8523028615460968,0.9783458585645683,arm64,12
2025-07,20,1,20,400,800,2.1415121250320226,0.855390000077169,0.9688058043943382,arm64,12
2025-07,20,2,20,400,800,2.1424720000941306,0.8527718844329314,0.945242519339658,arm64,12
2025-07,20,3,20,400,800,2.056868291925639,0.8417762804689323,1.0339294754318993,arm64,12
2025-07,20,4,20,400,800,2.0827621249482036,0.8507178399369545,0.992563402326063,arm64,12
2025-07,40,0,40,1600,3200,2.375124582904391,0.8620771220461052,0.9185944171668633,arm64,12
2025-07,40,1,40,1600,3200,2.3963500410318375,0.8572649553903515,0.9271360129398928,arm64,12
2025-07,40,2,40,1600,3200,2.5793448330368847,0.8649276780996672,0.9428333004044188,arm64,12
2025-07,40,3,40,1600,3200,3.578163250000216,0.865991354271647,0.9208286501376055,arm64,12
2025-07,40,4,40,1600,3200,4.658760833903216,0.8857172517207997,0.9974284337534611,arm64,12
2025-07,80,0,80,6400,12800,5.074082833016291,0.8529102783701877,0.9314864690020337,arm64,12
2025-07,80,1,80,6400,12800,5.870589458034374,0.8248658869488898,0.9371745859280664,arm64,12
2025-07,80,2,80,6400,12800,3.3998691249871626,0.8395675899632649,0.9645572588264677,arm64,12
2025-07,80,3,80,6400,12800,3.818253416917287,0.82543630929925,0.9522291152836856,arm64,12
2025-07,80,4,80,6400,12800,3.378211959032342,0.859204653557463,0.9151796920408957,arm64,12
2025-07,no-preselection,0,88,7744,15488,4.2000932089285925,0.8405444281220575,0.9425054721576127,arm64,12
2025-07,no-preselection,1,88,7744,15488,5.966355958022177,0.8243345799875488,0.9285871526284586,arm64,12
2025-07,no-preselection,2,88,7744,15488,6.43533070909325,0.8496364613515069,0.9559791683192348,arm64,12
2025-07,no-preselection,3,88,7744,15488,4.771485541947186,0.8421549788378809,0.91546646879483,arm64,12
2025-07,no-preselection,4,88,7744,15488,3.6369799580425024,0.838595580936546,0.9431584238682548,arm64,12
2025-08,10,0,10,100,200,2.502165082958527,0.9225621991557251,1.0486835689116316,arm64,12
2025-08,10,1,10,100,200,2.179064125055447,0.9912844594044584,0.9837718714069977,arm64,12
2025-08,10,2,10,100,200,1.9437424999196082,0.9755498564041947,0.9137559443462517,arm64,12
2025-08,10,3,10,100,200,2.2060658329864964,0.927788868086748,0.9577206650358516,arm64,12
2025-08,10,4,10,100,200,2.4913687499938533,0.9141115613963068,0.9667396394451301,arm64,12
2025-08,20,0,20,400,800,2.1297829169780016,0.9027859138941304,0.9125052322957122,arm64,12
2025-08,20,1,20,400,800,2.419797083013691,0.8965497757424655,0.9441788128671764,arm64,12
2025-08,20,2,20,400,800,2.7116348340641707,0.8900734696799635,0.9362559127276588,arm64,12
2025-08,20,3,20,400,800,2.329223374952562,0.9154789290603933,0.9415208316820388,arm64,12
2025-08,20,4,20,400,800,2.2424143749522045,0.8917246205295594,0.9884890745381498,arm64,12
2025-08,40,0,40,1600,3200,3.0184082919731736,0.8797444096841402,0.924732505262852,arm64,12
2025-08,40,1,40,1600,3200,2.4482530830428004,0.8905516485634869,0.888493106625553,arm64,12
2025-08,40,2,40,1600,3200,2.8831234170356765,0.897465286963509,0.9941668004587086,arm64,12
2025-08,40,3,40,1600,3200,4.213175707962364,0.8893777449447822,0.912449236888936,arm64,12
2025-08,40,4,40,1600,3200,5.2011149160098284,0.8739193162163441,0.9092181634928789,arm64,12
2025-08,80,0,80,6400,12800,8.83647379197646,0.8948459165809526,0.9313988170914436,arm64,12
2025-08,80,1,80,6400,12800,13.34988695802167,0.8308919760373199,0.9495740914882558,arm64,12
2025-08,80,2,80,6400,12800,5.221687624929473,0.864894970311156,0.9410983721360818,arm64,12
2025-08,80,3,80,6400,12800,5.282568750088103,0.8400379533972504,0.9576666693287637,arm64,12
2025-08,80,4,80,6400,12800,4.9693672499852255,0.8395033309079414,0.9583175849341764,arm64,12
2025-08,no-preselection,0,88,7744,15488,4.821607250021771,0.8164824322636111,1.0031602176251027,arm64,12
2025-08,no-preselection,1,88,7744,15488,5.2720450420165434,0.8714338528277343,0.9632203980136776,arm64,12
2025-08,no-preselection,2,88,7744,15488,3.738218249985948,0.8684955380448567,0.9376999602311487,arm64,12
2025-08,no-preselection,3,88,7744,15488,4.386982375057414,0.8642689596114651,0.9269412029581671,arm64,12
2025-08,no-preselection,4,88,7744,15488,4.596195708028972,0.8592167705688488,0.9819670287064931,arm64,12
2025-09,10,0,10,100,200,3.456821959000081,1.0173374158763275,0.8896859335642835,arm64,12
2025-09,10,1,10,100,200,2.2274985830299556,0.9988528675954735,0.9274791753159201,arm64,12
2025-09,10,2,10,100,200,2.3621613330906257,1.0087339679122054,0.9081917934794559,arm64,12
2025-09,10,3,10,100,200,2.87213349994272,0.9600449008523313,0.9141556913085823,arm64,12
2025-09,10,4,10,100,200,2.0133648338960484,1.0093324480781016,0.9290569201428583,arm64,12
2025-09,20,0,20,400,800,2.2414572500856593,0.9193458839242724,0.9309267931543439,arm64,12
2025-09,20,1,20,400,800,3.2115997079527006,0.8810308318064971,0.9267678246740819,arm64,12
2025-09,20,2,20,400,800,3.287473625037819,0.8959204019354315,0.9174582543122154,arm64,12
2025-09,20,3,20,400,800,3.2242923339363188,0.9322072564484366,0.8708762572225913,arm64,12
2025-09,20,4,20,400,800,3.218299040920101,0.9193258414789068,0.8855888272104167,arm64,12
2025-09,40,0,40,1600,3200,3.0769664159743115,0.8355618695239002,0.9650928715804553,arm64,12
2025-09,40,1,40,1600,3200,3.21075995801948,0.9331358431824082,0.9988414990252553,arm64,12
2025-09,40,2,40,1600,3200,3.595530374906957,0.9251485992908209,0.9865168933123954,arm64,12
2025-09,40,3,40,1600,3200,3.617490417091176,0.9224390628807861,0.9331138311691591,arm64,12
2025-09,40,4,40,1600,3200,3.816396582988091,0.9250426414712741,0.99263460736891,arm64,12
2025-09,80,0,80,6400,12800,5.7398664159700274,0.8588468495035363,0.9883369266840067,arm64,12
2025-09,80,1,80,6400,12800,4.6626526669133455,0.8523904215202277,0.9209182221468267,arm64,12
2025-09,80,2,80,6400,12800,4.512021959060803,0.8305866157184755,0.9332335168443671,arm64,12
2025-09,80,3,80,6400,12800,6.332746999920346,0.8813379779812089,0.933157000001256,arm64,12
2025-09,80,4,80,6400,12800,7.594795958022587,0.8376215104302931,0.9684777456773845,arm64,12
2025-09,no-preselection,0,90,8100,16200,5.3799934580456465,0.8481843974865034,0.9735305505412083,arm64,12
2025-09,no-preselection,1,90,8100,16200,5.864929332979955,0.8143802990182798,0.9882085795073907,arm64,12
2025-09,no-preselection,2,90,8100,16200,6.167929540970363,0.8275283528944342,0.9431405716941026,arm64,12
2025-09,no-preselection,3,90,8100,16200,6.097373625030741,0.8486508747859428,0.9746493799853516,arm64,12
2025-09,no-preselection,4,90,8100,16200,7.543607082916424,0.8446785327993618,0.9344074759776636,arm64,12
2025-10,10,0,10,100,200,2.292046832968481,1.0204203440430262,0.9183607297932078,arm64,12
2025-10,10,1,10,100,200,2.171103333006613,1.0390056017735698,0.9702592636459747,arm64,12
2025-10,10,2,10,100,200,2.2860589999472722,1.0026473951244195,0.9223531998441479,arm64,12
2025-10,10,3,10,100,200,2.453453457914293,0.9917450217216498,0.923972380162178,arm64,12
2025-10,10,4,10,100,200,2.1338845409918576,0.9941748492216246,0.990213632982539,arm64,12
2025-10,20,0,20,400,800,2.6891088749980554,0.8489027836600188,0.9649946745191207,arm64,12
2025-10,20,1,20,400,800,2.5097865000134334,0.8560566203526697,0.9539047400048912,arm64,12
2025-10,20,2,20,400,800,2.4197502080351114,0.8385094996600532,1.0809917313086461,arm64,12
2025-10,20,3,20,400,800,2.265326917055063,0.8430893294009375,1.0380800048909111,arm64,12
2025-10,20,4,20,400,800,2.169887291966006,0.8827440879218171,0.9105258977543929,arm64,12
2025-10,40,0,40,1600,3200,2.551029165973887,0.8570758091882081,1.0121572524883242,arm64,12
2025-10,40,1,40,1600,3200,2.540978290955536,0.8304490818579721,0.9469912070646975,arm64,12
2025-10,40,2,40,1600,3200,2.4662052920321003,0.8278302055204464,0.9974258473400737,arm64,12
2025-10,40,3,40,1600,3200,2.4697332920040935,0.8700038130931715,0.9873373973228472,arm64,12
2025-10,40,4,40,1600,3200,2.428587333066389,0.8209790310653876,0.9322404233412249,arm64,12
2025-10,80,0,80,6400,12800,3.443762584007345,0.8198246158129608,1.0688365154006474,arm64,12
2025-10,80,1,80,6400,12800,3.4973125839605927,0.8189463495428817,0.987088071415058,arm64,12
2025-10,80,2,80,6400,12800,3.908000083058141,0.8329661016073168,0.9243184645902934,arm64,12
2025-10,80,3,80,6400,12800,3.5312252909643576,0.8236700128237603,0.9552122173696339,arm64,12
2025-10,80,4,80,6400,12800,3.4869375829584897,0.8064444557558028,0.9399928379476257,arm64,12
2025-10,no-preselection,0,94,8836,17672,3.86064654099755,0.8247332577913228,0.9258215917814085,arm64,12
2025-10,no-preselection,1,94,8836,17672,3.8492469169432297,0.83370443464771,0.9569764568934774,arm64,12
2025-10,no-preselection,2,94,8836,17672,3.925894541083835,0.8262148427840664,0.9243719395324652,arm64,12
2025-10,no-preselection,3,94,8836,17672,3.8653467090334743,0.8191316311492569,0.955429761224639,arm64,12
2025-10,no-preselection,4,94,8836,17672,3.9203337079379708,0.8381073779414943,0.9519328574380364,arm64,12
2025-11,10,0,10,100,200,2.070342042017728,0.9212188525140047,1.0052276511786473,arm64,12
2025-11,10,1,10,100,200,2.0239882500609383,0.9241013036961572,0.9616562027604307,arm64,12
2025-11,10,2,10,100,200,2.021635915967636,0.9211915016046225,0.9481862741381872,arm64,12
2025-11,10,3,10,100,200,2.013987166923471,0.9282263465004726,0.9261700576420601,arm64,12
2025-11,10,4,10,100,200,2.0557038330007344,0.9240124800792704,0.9367323064724459,arm64,12
2025-11,20,0,20,400,800,2.4554350830148906,0.9184869223573757,0.8812711796117012,arm64,12
2025-11,20,1,20,400,800,2.3404122081119567,0.9364441345038377,0.8823771591304294,arm64,12
2025-11,20,2,20,400,800,2.2401605419581756,0.9093078415585629,0.9001544846821758,arm64,12
2025-11,20,3,20,400,800,2.3174293329939246,0.923042766322073,0.880167337392051,arm64,12
2025-11,20,4,20,400,800,2.3576070420676842,0.9280585082361027,0.893497150120386,arm64,12
2025-11,40,0,40,1600,3200,2.756020625005476,0.8611692442038297,0.9926097261528329,arm64,12
2025-11,40,1,40,1600,3200,2.6791355840396136,0.8421040427960058,1.0071409505545212,arm64,12
2025-11,40,2,40,1600,3200,2.595623000059277,0.8396533236133576,0.9805955508355235,arm64,12
2025-11,40,3,40,1600,3200,2.55484624998644,0.8502262643184572,0.9672342930906135,arm64,12
2025-11,40,4,40,1600,3200,3.070787207921967,0.8453699343643305,0.9526318379268852,arm64,12
2025-11,80,0,80,6400,12800,4.245935666956939,0.8393136169912752,0.9323449727368115,arm64,12
2025-11,80,1,80,6400,12800,3.5758095829514787,0.8282615162828403,0.9256269584588185,arm64,12
2025-11,80,2,80,6400,12800,3.705429458990693,0.8260564260899004,1.0166341560343504,arm64,12
2025-11,80,3,80,6400,12800,3.5110037919366732,0.8261765386468641,0.9461458051783126,arm64,12
2025-11,80,4,80,6400,12800,3.6018881669733673,0.8081157038404166,0.9181341734560629,arm64,12
2025-11,no-preselection,0,100,10000,20000,4.169185292092152,0.8037685244727503,0.9364299531113088,arm64,12
2025-11,no-preselection,1,100,10000,20000,4.151179959066212,0.8109006779991659,0.9370900998286616,arm64,12
2025-11,no-preselection,2,100,10000,20000,4.190810124971904,0.8450338554804463,0.962919687682177,arm64,12
2025-11,no-preselection,3,100,10000,20000,4.11351016710978,0.8247203845900708,1.011925692514098,arm64,12
2025-11,no-preselection,4,100,10000,20000,4.551509415963665,0.8185984115221185,0.9598872950091157,arm64,12
2025-12,10,0,10,100,200,2.2329232910415158,1.0004348316321596,0.9865117210875611,arm64,12
2025-12,10,1,10,100,200,2.1348936669528484,0.9776284989762877,1.0054734222768564,arm64,12
2025-12,10,2,10,100,200,2.2005828330293298,0.9998258882451433,0.9331447434729584,arm64,12
2025-12,10,3,10,100,200,2.049967542057857,1.0020907670308832,0.9522379323365163,arm64,12
2025-12,10,4,10,100,200,2.0082416670629755,1.0226853127984077,0.9481385382053389,arm64,12
2025-12,20,0,20,400,800,2.1477495830040425,0.916077123036408,1.0129730948427678,arm64,12
2025-12,20,1,20,400,800,2.1636075420537964,0.9183083134310888,0.9341608968198442,arm64,12
2025-12,20,2,20,400,800,2.1162955419858918,0.9129761235894913,0.8931982945925226,arm64,12
2025-12,20,3,20,400,800,2.11926820804365,0.9156712667988423,0.9251516073108981,arm64,12
2025-12,20,4,20,400,800,2.163842875044793,0.9089808840146479,0.9331890623962511,arm64,12
2025-12,40,0,40,1600,3200,2.469775625038892,0.8429567654928941,1.0370783219985065,arm64,12
2025-12,40,1,40,1600,3200,2.4692523749545217,0.9118170145515014,0.9582928755910345,arm64,12
2025-12,40,2,40,1600,3200,2.6109980000182986,0.8299580924942987,0.9277516907518568,arm64,12
2025-12,40,3,40,1600,3200,2.5659808330237865,0.9389596230416657,0.9549076115115394,arm64,12
2025-12,40,4,40,1600,3200,2.511968458071351,0.8609495952222951,0.9290484941645001,arm64,12
2025-12,80,0,80,6400,12800,3.5990398339927197,0.9045729243800461,0.9562931881663691,arm64,12
2025-12,80,1,80,6400,12800,3.451513666077517,0.9010977570777966,0.9266385172715843,arm64,12
2025-12,80,2,80,6400,12800,3.49769250000827,0.8880373951338641,0.9683815567270627,arm64,12
2025-12,80,3,80,6400,12800,3.5296330000273883,0.8824589746417499,0.9086463745611805,arm64,12
2025-12,80,4,80,6400,12800,3.577919500065036,0.8892095355356638,0.9002459577590888,arm64,12
2025-12,no-preselection,0,97,9409,18818,3.981282041990198,0.8999156640654434,0.9332813762112789,arm64,12
2025-12,no-preselection,1,97,9409,18818,4.057821291033179,0.8683273759793341,0.997055156487878,arm64,12
2025-12,no-preselection,2,97,9409,18818,4.000384374987334,0.9022531234437432,0.9619973657995474,arm64,12
2025-12,no-preselection,3,97,9409,18818,4.216463582939468,0.8806680645513021,0.9644695028135074,arm64,12
2025-12,no-preselection,4,97,9409,18818,4.068326959037222,0.8901105570034871,0.909513357932025,arm64,12
2026-01,10,0,10,100,200,2.0343248329591006,0.9234324950996419,0.9468844619311281,arm64,12
2026-01,10,1,10,100,200,1.9927682920824736,0.9236566403637742,1.0313258974948065,arm64,12
2026-01,10,2,10,100,200,1.977628834079951,0.9462048047732738,1.0089577145333448,arm64,12
2026-01,10,3,10,100,200,2.0855409160722047,0.9207117569142121,1.015861930298512,arm64,12
2026-01,10,4,10,100,200,1.9709204169921577,0.9401902703717423,0.9616724027878037,arm64,12
2026-01,20,0,20,400,800,2.1602267919806764,0.9825281810019989,0.8846244888966015,arm64,12
2026-01,20,1,20,400,800,2.1892475829226896,0.9535336256966164,0.8840548464449796,arm64,12
2026-01,20,2,20,400,800,2.0947166660334915,0.9622914067059168,0.9127462720405797,arm64,12
2026-01,20,3,20,400,800,2.220720084034838,0.9132430527727979,0.9283490779546307,arm64,12
2026-01,20,4,20,400,800,2.1075113749830052,0.9881776563026812,0.8888283386373842,arm64,12
2026-01,40,0,40,1600,3200,2.688779375050217,0.8589073585646354,0.9183097694771108,arm64,12
2026-01,40,1,40,1600,3200,2.629657084005885,0.8712235179311612,0.887823196132076,arm64,12
2026-01,40,2,40,1600,3200,2.5387030000565574,0.8964824343596428,0.9476896895807768,arm64,12
2026-01,40,3,40,1600,3200,2.5761296250857413,0.8773067765575436,0.9797628826657543,arm64,12
2026-01,40,4,40,1600,3200,2.7547354579437524,0.8760998918725093,0.895586530214393,arm64,12
2026-01,80,0,80,6400,12800,3.6871650830144063,0.8504111292291973,0.9216529138263772,arm64,12
2026-01,80,1,80,6400,12800,3.626613291911781,0.8644839615180796,0.9483304806039032,arm64,12
2026-01,80,2,80,6400,12800,3.6892939580138773,0.8658091781081527,0.9542556284687679,arm64,12
2026-01,80,3,80,6400,12800,3.4772505409782752,0.8583619658265416,0.9595413491999347,arm64,12
2026-01,80,4,80,6400,12800,3.5382699590409175,0.8822833063097031,0.9673454588800553,arm64,12
2026-01,no-preselection,0,93,8649,17298,3.904111124924384,0.8735785864066468,0.9437136929029325,arm64,12
2026-01,no-preselection,1,93,8649,17298,4.062345708021894,0.8461688150024518,0.9605525027715288,arm64,12
2026-01,no-preselection,2,93,8649,17298,3.8873873749980703,0.8502616036573482,0.9480942162427298,arm64,12
2026-01,no-preselection,3,93,8649,17298,3.904340334003791,0.8671190993923319,0.9563896954498692,arm64,12
2026-01,no-preselection,4,93,8649,17298,4.439087750040926,0.858069416610287,0.9482095385802295,arm64,12
2026-02,10,0,10,100,200,2.386495416983962,0.9850705734559012,0.9043575083436485,arm64,12
2026-02,10,1,10,100,200,2.218698584008962,0.9849925131597104,0.902879153873999,arm64,12
2026-02,10,2,10,100,200,2.172768166055903,0.9916104110074389,0.8569368555681811,arm64,12
2026-02,10,3,10,100,200,2.2337239159969613,0.9895237362137083,0.8526238786977498,arm64,12
2026-02,10,4,10,100,200,2.445978374918923,0.9896765680788608,0.8892741729375327,arm64,12
2026-02,20,0,20,400,800,2.8001744160428643,0.9088885330695746,0.8938628928239133,arm64,12
2026-02,20,1,20,400,800,2.5498330000555143,0.8566013886339002,0.9375380111092305,arm64,12
2026-02,20,2,20,400,800,2.237891332944855,0.8762484161510973,0.9349275041628281,arm64,12
2026-02,20,3,20,400,800,2.429490500013344,0.876296686139188,0.9357269312914297,arm64,12
2026-02,20,4,20,400,800,2.203406957909465,0.9189909603755553,0.8988416754331913,arm64,12
2026-02,40,0,40,1600,3200,2.4935679169138893,0.8460663615620699,0.9688756873448899,arm64,12
2026-02,40,1,40,1600,3200,2.5882199589395896,0.851674365719012,0.9492866756412338,arm64,12
2026-02,40,2,40,1600,3200,2.5739827080396935,0.8564591878394443,0.9454478409595073,arm64,12
2026-02,40,3,40,1600,3200,2.5475132920546457,0.8528614645190836,0.9778664562651622,arm64,12
2026-02,40,4,40,1600,3200,2.4504556249594316,0.8399706183030591,0.9417265802026582,arm64,12
2026-02,80,0,80,6400,12800,4.384462042013183,0.8187571142894535,0.9627163479167634,arm64,12
2026-02,80,1,80,6400,12800,3.498874415992759,0.821273352021584,0.9758398884224755,arm64,12
2026-02,80,2,80,6400,12800,3.5013317089760676,0.8337739783889083,0.9673427412215613,arm64,12
2026-02,80,3,80,6400,12800,3.6346729170763865,0.8193824264714556,0.9247409527926818,arm64,12
2026-02,80,4,80,6400,12800,3.570553708006628,0.8374592758562288,0.9144677531413049,arm64,12
2026-02,no-preselection,0,93,8649,17298,3.9739617080194876,0.8181809714106444,1.0127117810620456,arm64,12
2026-02,no-preselection,1,93,8649,17298,4.377787417033687,0.8204209707582605,0.99157848227642,arm64,12
2026-02,no-preselection,2,93,8649,17298,3.871431124978699,0.8090119368127491,0.9306844748420223,arm64,12
2026-02,no-preselection,3,93,8649,17298,3.7715249159373343,0.8002621849018227,0.97599464262265,arm64,12
2026-02,no-preselection,4,93,8649,17298,3.7295208330033347,0.8302532974264697,0.9327493148984966,arm64,12
2026-03,10,0,10,100,200,2.0417100829072297,1.0155014195702305,0.9280180060297676,arm64,12
2026-03,10,1,10,100,200,2.1145685829687864,1.008165577951317,0.9760559477515189,arm64,12
2026-03,10,2,10,100,200,2.080008791992441,1.015471725872001,0.9173346140657376,arm64,12
2026-03,10,3,10,100,200,2.1017861670115963,1.0172398625078372,0.9418129671722608,arm64,12
2026-03,10,4,10,100,200,2.0783357919426635,1.0065120525995177,0.9362747588895132,arm64,12
2026-03,20,0,20,400,800,2.159704874968156,0.8304504221600834,1.0613814366830954,arm64,12
2026-03,20,1,20,400,800,2.1775104580447078,0.8328223011044503,1.0134683816174175,arm64,12
2026-03,20,2,20,400,800,2.1214237090898678,0.8331797270331173,0.9757091079108275,arm64,12
2026-03,20,3,20,400,800,2.1405285419896245,0.8272115334763727,1.0264289708996117,arm64,12
2026-03,20,4,20,400,800,2.224074332974851,0.835144399873011,1.0351170599128863,arm64,12
2026-03,40,0,40,1600,3200,2.544738542055711,0.8635153000027711,0.9067029821298873,arm64,12
2026-03,40,1,40,1600,3200,2.4257740000030026,0.8532357353240592,0.9210409324604865,arm64,12
2026-03,40,2,40,1600,3200,2.3779082919936627,0.8539533892048887,0.9206154671393434,arm64,12
2026-03,40,3,40,1600,3200,2.5101398340193555,0.8519146161539396,0.9533937788150443,arm64,12
2026-03,40,4,40,1600,3200,2.4232240410055965,0.8635517031120858,0.9257460043313012,arm64,12
2026-03,80,0,80,6400,12800,3.6784922090591863,0.8274730086641143,0.984581891993432,arm64,12
2026-03,80,1,80,6400,12800,3.4729068329324946,0.799194763820632,0.9590730928912226,arm64,12
2026-03,80,2,80,6400,12800,3.4838700420223176,0.8018340020309144,1.0146298965629874,arm64,12
2026-03,80,3,80,6400,12800,3.624414666905068,0.8172959633779413,0.9977387929315649,arm64,12
2026-03,80,4,80,6400,12800,3.4940559579990804,0.8284964140484532,0.9698476053874763,arm64,12
2026-03,no-preselection,0,95,9025,18050,3.962015875033103,0.8051275488821787,1.008928481992247,arm64,12
2026-03,no-preselection,1,95,9025,18050,3.8859543340513483,0.8437326911886228,0.9934487967607989,arm64,12
2026-03,no-preselection,2,95,9025,18050,4.138049124972895,0.8119445725210543,1.0557508616585458,arm64,12
2026-03,no-preselection,3,95,9025,18050,4.085252708056942,0.8417650566333823,0.9767589751422051,arm64,12
2026-03,no-preselection,4,95,9025,18050,3.7951531669823453,0.8243732278964457,0.9956551061633314,arm64,12
2026-04,10,0,10,100,200,1.9633940840139985,0.9706775515703644,0.9700703075643964,arm64,12
2026-04,10,1,10,100,200,1.9389807910192758,0.9653818866981071,0.9266628280875009,arm64,12
2026-04,10,2,10,100,200,1.930829874938354,0.9756306846747081,0.8198910200923192,arm64,12
2026-04,10,3,10,100,200,1.9372042909963056,0.9658406330342265,0.9497227877862507,arm64,12
2026-04,10,4,10,100,200,1.9260076670907438,0.968309223429164,0.9731119037902526,arm64,12
2026-04,20,0,20,400,800,2.124644084018655,0.8216143209292994,0.9864758821971161,arm64,12
2026-04,20,1,20,400,800,2.0828168749576434,0.8156677111657982,0.9877128857072587,arm64,12
2026-04,20,2,20,400,800,2.0900554589461535,0.8122106526626728,0.9470106151161407,arm64,12
2026-04,20,3,20,400,800,2.4690640419721603,0.8205897840385548,1.0064122679863754,arm64,12
2026-04,20,4,20,400,800,2.7710669999942183,0.8136683222963983,0.9741476351915627,arm64,12
2026-04,40,0,40,1600,3200,2.614252540981397,0.8078056233906026,0.9645633891320958,arm64,12
2026-04,40,1,40,1600,3200,2.7817576669622213,0.8141534394086307,0.9711953708977529,arm64,12
2026-04,40,2,40,1600,3200,2.7020948749268427,0.8376165009869556,0.9701796935844192,arm64,12
2026-04,40,3,40,1600,3200,2.5533381670247763,0.812592046931988,0.9858055282124485,arm64,12
2026-04,40,4,40,1600,3200,2.4432737920433283,0.8002458422039924,0.9718448759276855,arm64,12
2026-04,80,0,80,6400,12800,3.377301833941601,0.7989385837431835,0.9507354838420337,arm64,12
2026-04,80,1,80,6400,12800,3.386869417037815,0.8172653659107331,0.930964196635265,arm64,12
2026-04,80,2,80,6400,12800,3.4477500420762226,0.8216510494565537,0.95078856153661,arm64,12
2026-04,80,3,80,6400,12800,3.417696167016402,0.8248980736164458,1.0130416194612415,arm64,12
2026-04,80,4,80,6400,12800,3.3425783339189366,0.8078645510130182,0.9876058148370379,arm64,12
2026-04,no-preselection,0,95,9025,18050,3.859158999985084,0.8175373987485388,0.9755081313037418,arm64,12
2026-04,no-preselection,1,95,9025,18050,3.78515245905146,0.8207485666912787,0.9629415183646414,arm64,12
2026-04,no-preselection,2,95,9025,18050,3.8461599580477923,0.8144042123692667,0.9291513047220286,arm64,12
2026-04,no-preselection,3,95,9025,18050,3.8370309999445453,0.8269858192422719,0.9797750487304278,arm64,12
2026-04,no-preselection,4,95,9025,18050,3.8316482910886407,0.8313105137736465,0.9193562210880327,arm64,12
2026-05,10,0,10,100,200,1.95695074996911,0.816418760656124,0.9598555993795423,arm64,12
2026-05,10,1,10,100,200,1.9637088750023395,0.8170249400233732,1.0067632294543096,arm64,12
2026-05,10,2,10,100,200,1.987503041047603,0.8164722929067977,1.0160951170436912,arm64,12
2026-05,10,3,10,100,200,1.9568987500388175,0.8168519724043516,0.9619442756356825,arm64,12
2026-05,10,4,10,100,200,1.9682322919834405,0.8157714289962704,0.9564696516866636,arm64,12
2026-05,20,0,20,400,800,2.071178915910423,0.7998507951078897,0.9530112570592618,arm64,12
2026-05,20,1,20,400,800,2.109286791062914,0.8057337056157646,1.0018575836749168,arm64,12
2026-05,20,2,20,400,800,2.095431959023699,0.7992875810513788,0.9669631211532796,arm64,12
2026-05,20,3,20,400,800,2.153281000093557,0.8011067268501283,0.9712595598049365,arm64,12
2026-05,20,4,20,400,800,2.103408708004281,0.8033686386135539,0.9754079436420107,arm64,12
2026-05,40,0,40,1600,3200,2.5009210420539603,0.7955340347385993,0.9936379353097085,arm64,12
2026-05,40,1,40,1600,3200,2.3864717499818653,0.8150181633883744,0.926464063368202,arm64,12
2026-05,40,2,40,1600,3200,2.3677962090587243,0.8043780898595932,0.9506386834766489,arm64,12
2026-05,40,3,40,1600,3200,2.3612057919381186,0.7887230850447203,1.0043359492151358,arm64,12
2026-05,40,4,40,1600,3200,2.385106750065461,0.806548892760134,1.0214487192717454,arm64,12
2026-05,80,0,80,6400,12800,3.3710582080530003,0.7906699829860616,0.9743252825106994,arm64,12
2026-05,80,1,80,6400,12800,3.394203917006962,0.7883647005661697,0.9619396692620555,arm64,12
2026-05,80,2,80,6400,12800,3.3485816249158233,0.788706198713619,0.9962759601720685,arm64,12
2026-05,80,3,80,6400,12800,3.4273519999114797,0.7966249691943327,0.9722643286773051,arm64,12
2026-05,80,4,80,6400,12800,3.334173959097825,0.8173523963376744,0.9849259375993858,arm64,12
2026-05,no-preselection,0,99,9801,19602,3.885659958003089,0.7971960112379466,0.9773332675243263,arm64,12
2026-05,no-preselection,1,99,9801,19602,3.9418267500586808,0.811248457154916,0.9851642332620519,arm64,12
2026-05,no-preselection,2,99,9801,19602,3.992909707943909,0.7727348493855488,1.0067331871397665,arm64,12
2026-05,no-preselection,3,99,9801,19602,3.9709839170100167,0.8000043165380759,0.9290211761121184,arm64,12
2026-05,no-preselection,4,99,9801,19602,3.9202904170379043,0.8145805834271109,0.998600784187247,arm64,12
2026-06,10,0,10,100,200,1.9522308750310913,0.8710910091544819,0.9020001690988309,arm64,12
2026-06,10,1,10,100,200,1.9731032089330256,0.8667392875964554,0.9487531935475509,arm64,12
2026-06,10,2,10,100,200,1.93947662494611,0.8774526947816803,0.9020922163594209,arm64,12
2026-06,10,3,10,100,200,1.953846791991964,0.8577132564959323,0.9760910145506592,arm64,12
2026-06,10,4,10,100,200,1.9716614169301465,0.8620740281431672,0.9122794802247559,arm64,12
2026-06,20,0,20,400,800,2.0890282499603927,0.811964560490624,0.9868486380817857,arm64,12
2026-06,20,1,20,400,800,2.1171697078971192,0.8311569047400577,0.9581785158282875,arm64,12
2026-06,20,2,20,400,800,2.140659000026062,0.8500405650770921,0.9582925217128619,arm64,12
2026-06,20,3,20,400,800,2.1203058750834316,0.8423856433210138,0.9394998408424867,arm64,12
2026-06,20,4,20,400,800,2.1513785829301924,0.8637556499543523,0.8986328118760537,arm64,12
2026-06,40,0,40,1600,3200,2.4075598750496283,0.7919005992433288,0.9655098235025067,arm64,12
2026-06,40,1,40,1600,3200,2.338878958951682,0.7922201174422147,0.967357213613939,arm64,12
2026-06,40,2,40,1600,3200,2.3753464999608696,0.802133389627848,0.9983164912094494,arm64,12
2026-06,40,3,40,1600,3200,2.4445142910117283,0.781412010458417,0.9751721960287536,arm64,12
2026-06,40,4,40,1600,3200,2.399475625017658,0.7768981891834464,0.9668069582056801,arm64,12
2026-06,80,0,80,6400,12800,3.2873753750463948,0.7902140604091085,0.9507284567638897,arm64,12
2026-06,80,1,80,6400,12800,3.3179283749777824,0.7796679833156247,1.0025386915968837,arm64,12
2026-06,80,2,80,6400,12800,3.29647320904769,0.7824166886931515,0.957544706340116,arm64,12
2026-06,80,3,80,6400,12800,3.336286292062141,0.7885425148122032,0.9652609528352828,arm64,12
2026-06,80,4,80,6400,12800,3.3238437910331413,0.8026055462835289,0.9532979448278284,arm64,12
2026-06,no-preselection,0,101,10201,20402,3.9276612079702318,0.7976748374578905,0.9823156023506278,arm64,12
2026-06,no-preselection,1,101,10201,20402,3.8760664999717847,0.7813422969538537,0.9843661019127802,arm64,12
2026-06,no-preselection,2,101,10201,20402,3.891122916014865,0.7768384008206424,1.0004567640787563,arm64,12
2026-06,no-preselection,3,101,10201,20402,3.883424957981333,0.7843719477730678,0.9809057020876789,arm64,12
2026-06,no-preselection,4,101,10201,20402,4.166751459008083,0.778401049985584,1.001489127749589,arm64,12
