family,factor,level,cost_bps,metric,mean_monthly,annualised,median_sharpe,n_blocks
exploratory,screener,all_stocks,0.0,return_net,0.013260972080568858,0.1591316649668263,1.343095976060357,18
exploratory,screener,neural_network,0.0,return_net,0.013534885576686065,0.1624186269202328,0.46705330063235834,18
exploratory,screener,random_forest,0.0,return_net,0.006947010141136257,0.08336412169363508,-0.04730200502956937,18
exploratory,screener,svm,0.0,return_net,0.01003751455219478,0.12045017462633736,0.21793991183508132,18
exploratory,screener,tabpfn,0.0,return_net,0.008368320529009286,0.10041984634811144,0.20574666915620046,18
exploratory,screener,xgboost,0.0,return_net,0.008050583651151771,0.09660700381382126,0.2230815614351793,18
exploratory,screener,all_stocks,25.0,return_net,0.011657366949132957,0.1398884033895955,1.0740299798273636,18
exploratory,screener,neural_network,25.0,return_net,0.010089947837001512,0.12107937404401814,0.03710327376041829,18
exploratory,screener,random_forest,25.0,return_net,0.0035115495754017515,0.04213859490482102,-0.4664508149257748,18
exploratory,screener,svm,25.0,return_net,0.006855407365281233,0.0822648883833748,-0.17673789281478597,18
exploratory,screener,tabpfn,25.0,return_net,0.005541360727707704,0.06649632873249245,-0.13663355678261518,18
exploratory,screener,xgboost,25.0,return_net,0.00494592305826595,0.0593510766991914,-0.12801422810302207,18
exploratory,screener,all_stocks,50.0,return_net,0.009998682027348053,0.11998418432817663,0.8348186065046536,18
exploratory,screener,neural_network,50.0,return_net,0.006574967613011129,0.07889961135613355,-0.3509428762326274,18
exploratory,screener,random_forest,50.0,return_net,0.00010112366195549605,0.0012134839434659525,-0.880140550921853,18
exploratory,screener,svm,50.0,return_net,0.0036725848947345985,0.04407101873681518,-0.5810432029239782,18
exploratory,screener,tabpfn,50.0,return_net,0.002659925879394554,0.03191911055273465,-0.4715955608572486,18
exploratory,screener,xgboost,50.0,return_net,0.0017686677539096392,0.02122401304691567,-0.5125424937652701,18
exploratory,screener,all_stocks,100.0,return_net,0.0067257483241639215,0.08070897988996706,0.2923048181498925,18
exploratory,screener,neural_network,100.0,return_net,-0.00038221950205044364,-0.004586634024605324,-1.1880476945074265,18
exploratory,screener,random_forest,100.0,return_net,-0.006651829464478853,-0.07982195357374623,-1.67420239560405,18
exploratory,screener,svm,100.0,return_net,-0.0025461177043510394,-0.03055341245221247,-1.4153421120933718,18
exploratory,screener,tabpfn,100.0,return_net,-0.0032428654494594472,-0.03891438539351337,-1.1327606553810305,18
exploratory,screener,xgboost,100.0,return_net,-0.0048917217892749856,-0.05870066147129983,-1.2702066237841192,18
exploratory,labeling,historical,0.0,return_net,0.010884388629495586,0.13061266355394702,0.3914477311087259,18
exploratory,labeling,historical_and_t1,0.0,return_net,0.006842787487008766,0.0821134498441052,0.01659594171846757,18
exploratory,labeling,t_plus_1,0.0,return_net,0.010247958400095042,0.1229755008011405,0.7361074023058823,18
exploratory,labeling,historical,25.0,return_net,0.00771674764829421,0.09260097177953053,0.04075294968681542,18
exploratory,labeling,historical_and_t1,25.0,return_net,0.0037426995800680465,0.04491239496081656,-0.35293817255714705,18
exploratory,labeling,t_plus_1,25.0,return_net,0.0077378174274434375,0.09285380912932126,0.3449705553665583,18
exploratory,labeling,historical,50.0,return_net,0.0046287267848860135,0.05554472141863216,-0.27179390821643423,18
exploratory,labeling,historical_and_t1,50.0,return_net,0.0005200774291256605,0.006240929149507926,-0.7018826601225463,18
exploratory,labeling,t_plus_1,50.0,return_net,0.005177348731512733,0.062128184778152795,-0.016097295325727432,18
exploratory,labeling,historical,100.0,return_net,-0.0015346582132979361,-0.018415898559575233,-0.8773312041787473,18
exploratory,labeling,historical_and_t1,100.0,return_net,-0.005616037900828977,-0.06739245480994772,-1.4398131003947745,18
exploratory,labeling,t_plus_1,100.0,return_net,-9.23946421360965e-05,-0.001108735705633158,-0.7651613104305245,18
exploratory,allocator,equal_weight,0.0,return_net,0.008580770766595414,0.10296924919914496,-0.166972809776447,18
exploratory,allocator,ga_knee,0.0,return_net,0.009270815061431396,0.11124978073717676,0.36727700608719516,18
exploratory,allocator,ga_max_return,0.0,return_net,0.013664781838469548,0.1639773820616346,0.9367494275838568,18
exploratory,allocator,ga_min_risk,0.0,return_net,0.007822005276720674,0.09386406332064809,0.12871190665692656,18
exploratory,allocator,max_sharpe,0.0,return_net,0.008646507865006915,0.10375809438008297,0.20484337015698523,18
exploratory,allocator,min_volatility,0.0,return_net,0.007869975590241992,0.0944397070829039,-0.26089101029924705,18
exploratory,allocator,equal_weight,25.0,return_net,0.006487038257440814,0.07784445908928977,-0.33580543317927547,18
exploratory,allocator,ga_knee,25.0,return_net,0.006249524534630859,0.0749942944155703,0.030549672022790575,18
exploratory,allocator,ga_max_return,25.0,return_net,0.010620302468629291,0.1274436296235515,0.6145431812736537,18
exploratory,allocator,ga_min_risk,25.0,return_net,0.00500113806648177,0.06001365679778124,-0.32874103783923386,18
exploratory,allocator,max_sharpe,25.0,return_net,0.005688691314269491,0.06826429577123388,-0.08533003564818811,18
exploratory,allocator,min_volatility,25.0,return_net,0.004872846353505016,0.05847415624206019,-0.7063158878439255,18
exploratory,allocator,equal_weight,50.0,return_net,0.00423229073830314,0.05078748885963767,-0.6773498698523485,18
exploratory,allocator,ga_knee,50.0,return_net,0.0032657069263138713,0.039188483115766455,-0.29881439218758393,18
exploratory,allocator,ga_max_return,50.0,return_net,0.007625336502382009,0.09150403802858412,0.2925864232252321,18
exploratory,allocator,ga_min_risk,50.0,return_net,0.0021786727492415746,0.026144072990898895,-0.7875588329078401,18
exploratory,allocator,max_sharpe,50.0,return_net,0.002822108475804639,0.03386530170965567,-0.3251117921556329,18
exploratory,allocator,min_volatility,50.0,return_net,0.0017633175407124374,0.02115981048854925,-1.0903128955041939,18
exploratory,allocator,equal_weight,100.0,return_net,-0.0005347686433013672,-0.006417223719616406,-1.150129455222184,18
exploratory,allocator,ga_knee,100.0,return_net,-0.002533124183370407,-0.030397490200444882,-0.9616039051194492,18
exploratory,allocator,ga_max_return,100.0,return_net,0.0016003549822947046,0.019204259787536454,-0.296949982150297,18
exploratory,allocator,ga_min_risk,100.0,return_net,-0.003597404876358186,-0.04316885851629823,-1.652116966460203,18
exploratory,allocator,max_sharpe,100.0,return_net,-0.0033073500487540135,-0.03968820058504816,-0.8683582369081051,18
exploratory,allocator,min_volatility,100.0,return_net,-0.004586854838363905,-0.05504225806036686,-1.9974236553203804,18
exploratory,weight_cap,0.2,0.0,return_net,0.009300667471626896,0.11160800965952275,0.3915116184261125,18
exploratory,weight_cap,1.0,0.0,return_net,0.009142463526371849,0.10970956231646219,0.38422820959051796,18
exploratory,weight_cap,0.2,25.0,return_net,0.006543037368714721,0.07851644842457665,0.02497656351167841,18
exploratory,weight_cap,1.0,25.0,return_net,0.00643409776707916,0.07720917320494992,0.01266604097295899,18
exploratory,weight_cap,0.2,50.0,return_net,0.0038339685053061867,0.046007622063674244,-0.3145559785939629,18
exploratory,weight_cap,1.0,50.0,return_net,0.003562283633374403,0.04274740360049284,-0.343734294123341,18
exploratory,weight_cap,0.2,100.0,return_net,-0.001804259565241441,-0.02165111478289729,-1.0023570097240568,18
exploratory,weight_cap,1.0,100.0,return_net,-0.0020583797946281987,-0.024700557535538382,-1.0767975805916477,18
