month,n,seed,ret_cov,risk_cov,front
2025-01,10,0,0.7956760558782016,0.5632907461979829,68
2025-01,10,1,0.8135300351163821,0.5500636157615353,86
2025-01,10,2,0.7970510389223536,0.5240023477868605,100
2025-01,20,0,0.3360795492276487,0.11126859289434989,77
2025-01,20,1,0.33933081121405384,0.12018840613738219,84
2025-01,20,2,0.38981436639272693,0.11713014813446787,81
2025-01,40,0,0.20942822241913914,0.07933839921465449,90
2025-01,40,1,0.2549306311928914,0.09166357549227358,92
2025-01,40,2,0.26236943915747263,0.09169356825746744,94
2025-01,80,0,0.08482655886430715,0.025188265873789393,76
2025-01,80,1,0.09728120728364026,0.02680279667533202,85
2025-01,80,2,0.09777722872924173,0.02995930626078192,79
2025-01,92,0,0.11316092862049802,0.03303619310584405,77
2025-01,92,1,0.10256502497201961,0.027205974011813502,64
2025-01,92,2,0.09121993756119508,0.024908852252660922,79
2025-05,10,0,0.6560139935560547,0.3143995776995727,81
2025-05,10,1,0.5588226097215213,0.17383188089888088,91
2025-05,10,2,0.6072423293280279,0.28614118529157523,80
2025-05,20,0,0.34736915143529445,0.14781553974943223,66
2025-05,20,1,0.32234539685943425,0.14293335023448758,88
2025-05,20,2,0.30912478451450853,0.11354358173568951,78
2025-05,40,0,0.20713910597089086,0.08255988614289402,53
2025-05,40,1,0.18378604889750896,0.05885713223494477,32
2025-05,40,2,0.17876435580052713,0.05334237145557286,51
2025-05,80,0,0.11146539407830719,0.07063063335555149,83
2025-05,80,1,0.10271073321908059,0.06463105766106286,76
2025-05,80,2,0.10903305719746084,0.06904944245893263,49
2025-05,92,0,0.10123526437862683,0.059257597133354184,50
2025-05,92,1,0.09704875346632821,0.05735354307994791,55
2025-05,92,2,0.10556139864929344,0.06676840612158802,78
2025-09,10,0,0.5526557232609048,0.17515912160359173,76
2025-09,10,1,0.5270352731090312,0.1595021729573878,93
2025-09,10,2,0.5488600392455876,0.12284943852788213,92
2025-09,20,0,0.40642600086473696,0.12063626949913182,98
2025-09,20,1,0.3818109731206562,0.10057376928960793,85
2025-09,20,2,0.44083821609004054,0.15645261980141154,70
2025-09,40,0,0.2889304784908094,0.12516221771519087,91
2025-09,40,1,0.21507931125521362,0.08862392204841814,80
2025-09,40,2,0.29994693901604563,0.2040517332855274,56
2025-09,80,0,0.1359035866118263,0.07914622454719616,82
2025-09,80,1,0.15112348223275213,0.08684319063849068,78
2025-09,80,2,0.12169284553880645,0.0669598281859791,74
2025-09,90,0,0.10196464393492136,0.05502443247742516,73
2025-09,90,1,0.08998572685781298,0.046994966400458145,54
2025-09,90,2,0.12335103756621676,0.07199206806109965,79
2026-01,10,0,0.4628730871124196,0.18456697963103613,69
2026-01,10,1,0.5964194102221084,0.3891521763465859,46
2026-01,10,2,0.5373201020732221,0.2607171201587056,85
2026-01,20,0,0.43345980104120807,0.16418607190695825,87
2026-01,20,1,0.38486627365923165,0.135281391301512,97
2026-01,20,2,0.5309824395401876,0.20676300414505103,89
2026-01,40,0,0.2413998324831914,0.06605984326255385,77
2026-01,40,1,0.216499438704372,0.05251850665070612,85
2026-01,40,2,0.24130788726552876,0.06552201466502154,86
2026-01,80,0,0.1411809793325749,0.04973688571415046,77
2026-01,80,1,0.10161366286317679,0.030871117473818398,57
2026-01,80,2,0.1343952389081808,0.04231705322485702,72
2026-01,93,0,0.11376169289184603,0.03776857443775517,48
2026-01,93,1,0.13923554969486013,0.04225105041113591,38
2026-01,93,2,0.09020925875605429,0.028685435115199484,52
2026-05,10,0,0.7618994172008422,0.6654128214942704,98
2026-05,10,1,0.43666715882720664,0.2986377372428841,95
2026-05,10,2,0.5399135194201071,0.4345612994628861,99
2026-05,20,0,0.2944031806455103,0.1955974675968291,95
2026-05,20,1,0.3780532506217054,0.2627208985109139,99
2026-05,20,2,0.410331714494678,0.32762218537977544,96
2026-05,40,0,0.13371414412982624,0.0749890045720512,96
2026-05,40,1,0.09994317699463819,0.053820032889439914,82
2026-05,40,2,0.13375007048593204,0.07544328848132452,88
2026-05,80,0,0.09568100865115284,0.03848752648225757,91
2026-05,80,1,0.10154656360249915,0.038763049772970674,79
2026-05,80,2,0.10203254278373303,0.038448025339585454,93
2026-05,99,0,0.096367527258382,0.034579613306891153,86
2026-05,99,1,0.0880955939449193,0.02992055788920689,91
2026-05,99,2,0.07894516870196577,0.028442299455867105,83
